"","deploy_num","halodule","zostera","ruppia","algae","oyster","saltmarsh","other","richness","shannonD","evenness","seagrass","richness_comb","shannonD_comb","evenness_comb","total_cover","avg_blade_length","avg_shoot_density","max10","depth_m_avg","sal_avg","total_abund_sum","comm_richness_sum","comm_shannonD_sum","comm_evenness_sum","carnivore","herbivore","omnivore","soniferous_S","carn_2","detritivore","herb_2","invertivore","omni_2","piscivore","planktivore","num_bai_chr","num_ort_chr","num_ops_tau","seagrass_area","seagrass_core.area","seagrass_perimeter","seagrass_perim.area.ratio","saltmarsh_area","saltmarsh_core.area","saltmarsh_perimeter","saltmarsh_perim.area.ratio","oyster_area","oyster_core.area","oyster_perimeter","oyster_perim.area.ratio","habitat_total","NNratio","dist2adjPatch","richness_landscape","avg_temp","avgTempAll","avgTempNight","medTemp","minTemp","maxTemp","avg_spl_low","avg_spl_high","TFPercentPresenceNight","TFAvgPresentNight","TFMaxRate","PerchPercentPresenceNight","PerchAvgPresentNight","PerchMaxRate","BoatMaxRateAll","BoatAvgPresent","BoatPercentPresence","nFiles"
"deploy_num",1,-0.0836959857431295,0.099457788109159,0.0109337464121512,-0.0365828588481537,0.0892582567934746,0.356182142383209,-0.0814507988937161,0.197385508487931,0.0930501922646289,0.110123112614401,-0.0476341283027284,0.224661683594821,0.112406797768268,NA,0.139769925758814,0.265512241009316,-0.110694895906348,0.22378905356128,0.258768413312228,-0.566163633574477,-0.104073296385726,0.164309290408544,0.273503228188632,NA,-0.126188157425298,-0.183140308700208,0.378840514098695,0.310317965391448,0.155936461056412,0.128370255404583,-0.00898687665556225,-0.14740532812795,0.198828010681801,0.0288917958094968,0.049631743101789,-0.00577530175977498,-0.00359431457501131,-0.183140308700208,0.0471063850813426,0.0806552707768492,0.00246733696668027,-0.141736426639452,0.126938233416049,0.103214891497852,0.155700655494098,0.0513330392971559,0.085799701477731,-0.0512592232476846,0.127715140954583,0.0600602433458913,0.145198550286171,0.0285511362253575,-0.0653930891963886,0.211533536012155,0.655712403067464,0.711747785759279,0.723074661314179,0.728927619512733,0.63780365040829,0.466925399539892,-0.211463118590395,0.556571602272059,-0.398035279050654,-0.516526927771653,-0.452762472520003,-0.663787693003757,-0.495303394887522,-0.652583136760936,-0.483059854623133,NA,-0.181072196555317,0.249341237326638
"halodule",-0.0836959857431295,1,0.461947730026431,0.297253753262239,0.219740598485107,-0.390096330338017,-0.452482643808546,-0.153738578024168,0.581981913682749,0.137620127079191,-0.0392268889183497,0.966031733129515,-0.10723998207268,-0.529592309052693,NA,0.724937581581606,0.767437730985672,0.925511214175319,0.843731615560876,-0.297837362924793,0.0676025650408466,0.803096972748474,0.830128558556863,0.484838471737459,NA,0.809386483394209,0.0800584749363007,0.0942350454472959,0.7081992685336,0.597793741087907,0.674352895712916,0.451971494735589,0.784374068632858,0.186853801732994,0.611729994761233,0.325540088637164,0.659253531846254,0.733508727494317,0.0800584749363007,0.579071344603476,0.609134692060013,0.438382261142404,-0.220471051679446,-0.466635970388799,-0.420171624511976,-0.579230221857196,-0.292499625498417,-0.403002433129773,-0.303395814323582,-0.4308110873776,-0.476678266611976,-0.285238902030406,-0.185404350232153,0.0333089964804526,-0.232061659029203,0.321878499345623,0.127243258422741,0.199637446175167,0.182101131087932,-0.0419501871963972,-0.0291093602096834,-0.492794398949506,0.144102203249676,0.172944615185326,0.222438950186889,0.198982563753876,-0.295378840463031,-0.308977024627819,-0.318786620022219,-0.130109515075086,NA,-0.0157145915568,0.27479122964095
"zostera",0.099457788109159,0.461947730026431,1,0.296929214142205,0.378304058483616,-0.270069895493748,-0.315386604634603,-0.127328687910123,0.411431083592402,0.298280933183383,0.143468725930562,0.627992754582021,-0.110691099010909,-0.371838748649195,NA,0.465315144479035,0.496822582505685,0.433500356023779,0.499023046476817,-0.00604925097816361,-0.0829205795708829,0.463294884465535,0.476063488295169,0.402138692851822,NA,0.470376665652274,0.266688918913682,-0.0104447699619882,0.500619212899811,0.0640931877227062,0.588983038834374,0.364695344709629,0.435971098137365,-0.202462181349193,0.771977954206482,-0.111027140318237,0.447172849030129,0.560645709966245,0.266688918913682,0.535394411875989,0.412791565363272,0.573413898168928,0.0114094434264767,-0.280311610579216,-0.25033638359552,-0.359649272476754,-0.332493447507714,-0.266658800425481,-0.247931958189441,-0.255244441272645,-0.165090388758584,-0.109956280884498,-0.0430859357958837,0.0432405258512703,-0.182273190529495,0.214669742542098,0.132166698531717,0.171223067437467,0.13136316868224,0.293287496573307,-0.0727708246767734,-0.141655463703871,0.263290149006473,0.173278031964881,0.112760903830125,0.164997824674486,-0.250848097452193,-0.247676158457747,-0.261243293224716,-0.101940228235008,NA,0.154888362422963,0.122859558218369
"ruppia",0.0109337464121512,0.297253753262239,0.296929214142205,1,0.0701754979900519,-0.14389834031465,-0.16732739469112,-0.0709194084682423,0.386694093952052,0.555209545615285,0.310343429367586,0.471683538466634,-0.0940449392716698,-0.200499301299552,NA,0.400761480185448,0.253410331773853,0.299640330523964,0.30550919958523,0.0192343321336731,0.18993734874403,0.254711362502672,0.260880522598167,0.283297660040548,NA,0.263886300785506,-0.0664419632062078,-0.100841094231596,0.404538351497692,0.0305867767368553,0.698438474861506,0.0270924158254836,0.179618345492581,-0.111009222935035,0.329383579843948,-0.0244802093568249,0.468178133985582,0.714631351814049,-0.0664419632062078,0.612715421606124,0.605474763335394,0.501825857508884,-0.0664914970788142,-0.0852284531572397,-0.0488008202551867,-0.22007594107494,-0.24299038276415,-0.169540933051293,-0.074635277553196,-0.188033746102953,-0.426059726927788,0.107679439946509,0.130465124679349,-0.02579392515104,-0.103377943767346,0.100688501388535,0.206044675654386,0.221798456354368,0.21891888173404,0.191777461857987,0.0670323138104304,-0.307911590715096,0.101825608105057,-0.132638849663078,0.0137164881549805,-0.0795962573908412,-0.207958511682698,-0.204551514525091,-0.223411739402629,-0.212621837568011,NA,-0.0580927004922486,0.394961908894794
"algae",-0.0365828588481537,0.219740598485107,0.378304058483616,0.0701754979900519,1,0.0799848547838697,-0.174531442062817,-0.126383256891484,0.329479178787204,0.0059300236347588,-0.0459340262103418,0.267610871136915,0.243889397394363,-0.119276993641267,NA,0.337362684906264,0.258734108558978,0.330011774937381,0.231883727871514,0.0385228621831725,-0.178165435287478,0.26799399880235,0.243698837258436,0.160552702288088,NA,0.273650909937731,-0.015188162784737,-0.0333621943449864,0.254015177976718,-0.0678096011450473,0.0686395459332978,-0.193105000813518,0.303031236634558,-0.163645904457146,0.501224055651468,-0.145365269771418,-0.010733571187169,0.0311951587877388,-0.015188162784737,0.0344820727712231,-0.0175602959643646,0.0918718487191985,0.0176195121443819,0.0567088112316967,0.0657055883027065,-0.0115698257018822,-0.137502343900315,0.213475193201825,0.217886126322184,0.192613113941253,0.0771231164925889,0.106221978376807,-0.186890074503879,-0.238133882910479,0.159940340753753,0.0770104427365085,-0.0596849864255308,-0.0403860432746386,-0.0588731667377833,-0.0356543783705958,-0.0561271826635522,-0.0724424633139625,0.354406660656549,0.459568670876464,0.444550027939322,0.455392659128538,-0.222672977864936,-0.0472125307365376,-0.0907681854242559,-0.0202549120656349,NA,0.110106845564315,-0.23855756924109
"oyster",0.0892582567934746,-0.390096330338017,-0.270069895493748,-0.14389834031465,0.0799848547838697,1,0.199435494859279,-0.100509737955431,0.0619993287925647,0.162042960632579,0.275861441501635,-0.399237810605981,0.506479723171386,0.512509049840018,NA,0.194910891906096,-0.430365841850056,-0.398317698036275,-0.429144035408388,0.479922066943711,-0.169164382934936,-0.325773228751933,-0.335711595501915,-0.17383135161411,NA,-0.340629967417908,-0.0941641287672438,0.187416483779591,-0.331580913346599,-0.249958640147522,-0.175632919132359,-0.144938746346445,-0.331748950772951,-0.10133484056302,-0.350411012173526,-0.160706296078308,-0.219213895839609,-0.293074149036716,-0.0941641287672438,-0.0842657402668496,-0.269839221820974,0.204209966130986,0.196063745417927,0.608868010829415,0.535361674525669,0.722937588272586,0.0898471817889487,0.950224481018439,0.718590141769475,0.956796018536011,0.177072036694551,0.698954595801893,0.0369138249219838,-0.144276493008006,0.172572256061465,-0.0478204115971517,0.0706108084521915,0.0289077859946543,0.036430876695509,0.18616320951716,0.0945388032890771,0.439315417364438,0.462169598013599,0.391507911115412,0.461001871629986,0.464414681577935,-0.0838288136522737,0.252101414712336,0.15740890485827,0.367835168824092,NA,0.432188938040825,-0.324678119256583
"saltmarsh",0.356182142383209,-0.452482643808546,-0.315386604634603,-0.16732739469112,-0.174531442062817,0.199435494859279,1,0.159366938108071,0.0708075112401291,0.120346541237565,0.240162770004069,-0.463574627741543,0.588943085492417,0.519501453907647,NA,-0.0227030161223716,-0.444489702433132,-0.466659755081205,-0.457535895542829,0.121415512109417,-0.235550768935317,-0.396429988317006,-0.442792804846427,-0.0725535355320886,NA,-0.39532489610444,-0.109495622434069,-0.123046277713513,-0.427252465826065,-0.291924316082604,-0.34324338122799,-0.168537196210307,-0.384679498556937,-0.0141300166344498,-0.410426063267953,-0.178203479529346,-0.254601372251831,-0.341798801853953,-0.109495622434069,-0.324619799344938,-0.304606197630076,-0.272080947617116,-0.0655726769843501,0.385440965905763,0.357698032361556,0.431916882765505,0.256657347208065,0.261896455859768,0.217185454799354,0.272267508824118,0.198124701404335,0.275293768488138,0.135470792626149,-0.142362423051324,0.202609466733507,0.0791347969308402,0.157520084278675,0.106176233242247,0.129762014630338,0.280143755410508,0.169563480400856,-0.0298437061207272,0.0911946895244905,-0.115813883596086,-0.1333597308813,-0.125747104565747,-0.255291478222668,-0.152727756552366,-0.213479595142152,0.0163273615704666,NA,0.16648162585705,-0.173963321118213
"other",-0.0814507988937161,-0.153738578024168,-0.127328687910123,-0.0709194084682423,-0.126383256891484,-0.100509737955431,0.159366938108071,1,0.0300107870652508,-0.00175514171367581,0.0388266735270075,-0.163842442930592,0.229908924838633,0.147813378303006,NA,-0.185188298029291,0.0196740690673016,-0.160743528123908,-0.0329563781449391,-0.163438370961249,0.182287827848173,-0.148828616295729,-0.0624545738573658,0.381067501358956,NA,-0.153074986048825,-0.0464082094101849,0.039146437370005,-0.0830655039180478,-0.116265576378117,-0.144857617516013,-0.0714321661566238,-0.147174453853963,0.727992953443216,-0.162333005879512,-0.0448633218752735,-0.106802083336934,-0.142666515654975,-0.0464082094101849,-0.0962870030359549,-0.15916926903553,-0.0110223867264782,0.186720948708101,0.590409966144857,0.669406223832594,0.127991991162061,-0.136554846090947,-0.142943799919773,-0.162774068839842,-0.131225384704261,0.32771081186867,0.450241937292702,-0.131474362323434,-0.0269345844934047,0.139368121830333,0.112657353432766,0.119962107549001,0.113074531458595,0.106760875838832,0.140101057324135,0.0925422666176144,-0.203767519426487,-0.364867019773773,-0.118358176591358,-0.13892441480983,-0.128890991228106,-0.105710866207196,-0.11632628297076,-0.125151867891817,0.00740374401902571,NA,-0.111975694735939,0.273043800029521
"richness",0.197385508487931,0.581981913682749,0.411431083592402,0.386694093952052,0.329479178787204,0.0619993287925647,0.0708075112401291,0.0300107870652508,1,0.610076911781539,0.504898169285719,0.626182937384189,0.61287009724538,0.0906526163621012,NA,0.81035708323544,0.568592623675701,0.583499254772917,0.582052752039082,0.117387801128678,-0.026294705105995,0.591048859336034,0.606439074273066,0.60362144491563,NA,0.585947132472741,0.0281160778557767,0.247650153478554,0.565648891518943,0.417606555860236,0.616297098535738,0.366912944259262,0.557248290529301,0.152997177858738,0.53385484284924,0.244083100496701,0.513941397662878,0.594499837585311,0.0281160778557767,0.501787094156344,0.424887580894136,0.498328773808687,-0.16897729010209,0.0822555528417069,0.0871719657421788,0.0516586938068527,-0.00118719098703354,0.0938181522251275,0.142154039942422,0.0769740280686212,-0.133881697962668,0.269231877814257,0.177390559024898,-0.319236620326133,0.0714451422608158,0.408630680574098,0.32021590600144,0.328016603064957,0.340992017780284,0.208944691904188,0.242536476857615,-0.585431110211488,0.400558717281329,0.260416195299468,0.367144793413535,0.32026944753578,-0.667115884555632,-0.520287265307588,-0.600642815287624,-0.00717680758327152,NA,0.222048173533078,0.120306625796447
"shannonD",0.0930501922646289,0.137620127079191,0.298280933183383,0.555209545615285,0.0059300236347588,0.162042960632579,0.120346541237565,-0.00175514171367581,0.610076911781539,1,0.943531053343285,0.265539470892229,0.492996533606253,0.479824274645326,NA,0.451520200876763,0.0762441110725812,0.16609937730851,0.126536691334905,0.260943824333061,-0.0143260684581925,0.180168378230911,0.107766419806473,0.129407699823913,NA,0.192832429375794,0.159297551543242,-0.185823961539162,0.182444085882333,-0.062270030193406,0.44035396931136,0.0493469959733491,0.145572407914723,-0.146028304741346,0.305171703755896,-0.227666218371532,0.228317972046705,0.445947647126536,0.159297551543242,0.315824354058847,0.253819291208374,0.330216836505456,-0.100362494605125,0.239288481304252,0.214094883925634,0.33892937096899,0.0922307279982436,0.203096008907987,0.26492380575914,0.198024167047156,-0.0720599383695675,0.362877376508434,0.536036676239612,-0.133318640113923,-0.0216828309582149,0.0953608870134559,0.186224805885433,0.142065605854944,0.168011048349618,0.182584621790609,0.103194838961834,-0.169396844911888,0.328616005596202,0.12707188019349,0.176783621553062,0.15179580301272,-0.425495620140398,-0.300580632147084,-0.346692708890033,-0.0264390561775671,NA,0.342551035692165,0.133008268682382
"evenness",0.110123112614401,-0.0392268889183497,0.143468725930562,0.310343429367586,-0.0459340262103418,0.275861441501635,0.240162770004069,0.0388266735270075,0.504898169285719,0.943531053343285,1,0.0480060359233526,0.611478416118164,0.685443276415221,NA,0.310436959028095,-0.0742022816869024,-0.0103556617667864,-0.0351685201142048,0.271451886830626,-0.103737718215226,0.0243567025831756,-0.032440249605165,0.0214783164347714,NA,0.034828193550332,0.228432441769921,-0.186930884846411,0.0147399021560461,-0.161784295014053,0.194331152314836,-0.0533405176474833,0.010817366393445,-0.118879357170503,0.137318199618158,-0.269323068872679,0.0258277977426963,0.191472907995087,0.228432441769921,0.048115449677371,-0.0176815016506481,0.12009435827499,-0.0756706487251698,0.35349446557001,0.308645417515013,0.522311937432874,0.229563593911449,0.31094253463454,0.312224273560505,0.323065637123732,0.112243638913884,0.389925043825731,0.563582973126629,-0.171473057196916,0.0261800290658882,0.0329709951362559,0.125905673633021,0.0682849883182873,0.0989019088759474,0.149070853313047,0.0869129921365858,-0.0717439470752148,0.320602831282042,0.140637335477353,0.159021049063838,0.147401967063993,-0.38907451109983,-0.249245252620216,-0.290498543583952,0.0636427787875586,NA,0.414286309044364,-0.0221857892809722
"seagrass",-0.0476341283027284,0.966031733129515,0.627992754582021,0.471683538466634,0.267610871136915,-0.399237810605981,-0.463574627741543,-0.163842442930592,0.626182937384189,0.265539470892229,0.0480060359233526,1,-0.126081550240208,-0.543889459685726,NA,0.757115137195042,0.773644833055403,0.899366629812129,0.845779223544346,-0.243715335580827,0.071343876393373,0.796682962668264,0.822538398184162,0.526833911734998,NA,0.804808188759622,0.107429349040373,0.0587647637308938,0.750891784271635,0.511016497043451,0.789722446050326,0.449315739099855,0.763242234809983,0.095658912828715,0.712119905369484,0.242632787813149,0.710665088346728,0.835671317012588,0.107429349040373,0.686152759862429,0.685594532879807,0.558933495533702,-0.190835176518266,-0.454557787034834,-0.404197543827992,-0.585733613548595,-0.347643517358844,-0.413521203151969,-0.311707318096812,-0.43732410208986,-0.497384142278089,-0.238933708392793,-0.139560054470984,0.0316695335831394,-0.244741751495718,0.324781443634737,0.165624487573062,0.235697128074492,0.21289288469098,0.0553575678123792,-0.0270956939610181,-0.486225924686315,0.18786077881005,0.154557393541691,0.208053773190218,0.183318383187724,-0.328055204227304,-0.33807855460358,-0.352012103246453,-0.163140451117978,NA,0.00778566682738627,0.31726145698975
"richness_comb",0.224661683594821,-0.10723998207268,-0.110691099010909,-0.0940449392716698,0.243889397394363,0.506479723171386,0.588943085492417,0.229908924838633,0.61287009724538,0.492996533606253,0.611478416118164,-0.126081550240208,1,0.705698414562709,NA,0.399433522346086,-0.11922677925523,-0.0895607005365654,-0.125580822991556,0.259294633122,-0.181871977078936,-0.0515723946032258,-0.0712477836195747,0.202355996251511,NA,-0.0570315298149152,-0.061541083462959,0.0868722323876149,-0.110151655805782,-0.101295311437233,-0.0835032795404393,-0.0947248979276492,-0.0386772525680607,0.15029430751536,-0.0840416982170263,-0.127155107739733,-0.107448574074881,-0.14224394623819,-0.061541083462959,-0.152880692491035,-0.246938464583965,0.0111626228547426,-0.0430487085564854,0.604923199992887,0.560206851442886,0.693741753753952,0.300137826353592,0.565801128605079,0.497088950110994,0.56414070917966,0.257269849984711,0.59087148161173,0.281566015366918,-0.369753762531725,0.253052378206075,0.207385825703521,0.206987909118353,0.139740418236752,0.179121021774603,0.189914033024269,0.304848089498346,-0.252455193735091,0.325353143780648,0.309011857548652,0.349355153842108,0.338951215387088,-0.545387257574044,-0.319036599038753,-0.405535499844211,0.109961269036775,NA,0.302626775442139,-0.196300368278988
"shannonD_comb",0.112406797768268,-0.529592309052693,-0.371838748649195,-0.200499301299552,-0.119276993641267,0.512509049840018,0.519501453907647,0.147813378303006,0.0906526163621012,0.479824274645326,0.685443276415221,-0.543889459685726,0.705698414562709,1,NA,-0.130959765260904,-0.53244095159141,-0.543418894027879,-0.545087960683572,0.215461876937191,-0.0652668057253757,-0.463664955456621,-0.559315875973044,-0.303411117637327,NA,-0.466310174944439,-0.131202639196745,-0.0718305304960243,-0.528412528717923,-0.344070946036331,-0.377242025637076,-0.201948940551725,-0.453499009277166,-0.0186087908266983,-0.47841651127097,-0.214489883860343,-0.293844555799574,-0.405011005117314,-0.131202639196745,-0.438361201226381,-0.488237016518048,-0.276991399537972,0.0333067847950956,0.62384501984661,0.548202068638071,0.872817676361997,0.472120379728274,0.55651251557613,0.446043034120954,0.589506464031993,0.364383800653982,0.504150834499864,0.406736880253139,-0.132140123522332,0.13787050933291,-0.0841478623367267,0.0706665605724863,-0.0357525828819935,0.0251836876728216,0.0810995014962571,0.197842170080866,0.133754090219587,0.141624538837877,0.00511035981271227,0.0653962922570844,0.0378864869841604,-0.211963681860889,-0.0682718220014409,-0.110625009326063,0.163589563601402,NA,0.303069152096917,-0.161018075417336
"evenness_comb",NA,NA,NA,NA,NA,NA,NA,NA,NA,NA,NA,NA,NA,NA,1,NA,NA,NA,NA,NA,NA,NA,NA,NA,NA,NA,NA,NA,NA,NA,NA,NA,NA,NA,NA,NA,NA,NA,NA,NA,NA,NA,NA,NA,NA,NA,NA,NA,NA,NA,NA,NA,NA,NA,NA,NA,NA,NA,NA,NA,NA,NA,NA,NA,NA,NA,NA,NA,NA,NA,NA,NA,NA
"total_cover",0.139769925758814,0.724937581581606,0.465315144479035,0.400761480185448,0.337362684906264,0.194910891906096,-0.0227030161223716,-0.185188298029291,0.81035708323544,0.451520200876763,0.310436959028095,0.757115137195042,0.399433522346086,-0.130959765260904,NA,1,0.484126862627176,0.642610718845777,0.561742863660931,0.0430012937410267,-0.119330073707477,0.590424303081846,0.594853621077636,0.493296242869473,NA,0.592084944610956,0.0249914929196793,0.123756505972495,0.520723054636213,0.327093534161587,0.679858294069461,0.359851426225663,0.554768324878225,0.0418358365407635,0.484353855231177,0.109054768351106,0.595299980855677,0.664575122310994,0.0249914929196793,0.617866056545981,0.515990505903184,0.660310307891673,-0.134706157260523,-0.0157276073865452,-0.00990224962758565,-0.0893204882906017,-0.255223137092126,0.182205611809379,0.149546830736342,0.161503714907687,-0.390175416781239,0.243525455359379,-0.0958819465532795,-0.116967793033303,-0.0935174480494999,0.387331798545839,0.295197029093516,0.332680593607717,0.319159774789201,0.284916168191802,0.0897805851227532,-0.330448673590354,0.538089355834913,0.380383812486355,0.474392477063101,0.45131598405823,-0.54658478740784,-0.314285484980437,-0.412072396245785,0.0269206301448087,NA,0.330618508389306,0.0999998471405694
"avg_blade_length",0.265512241009316,0.767437730985672,0.496822582505685,0.253410331773853,0.258734108558978,-0.430365841850056,-0.444489702433132,0.0196740690673016,0.568592623675701,0.0762441110725812,-0.0742022816869024,0.773644833055403,-0.11922677925523,-0.53244095159141,NA,0.484126862627176,1,0.763933823924247,0.985472260376731,-0.0380830053387049,-0.128493072575603,0.697373605481968,0.932760386546887,0.745378692950402,NA,0.691119163987772,0.0573015549575984,0.296324121125598,0.927968623867677,0.726438349446323,0.600320649388176,0.356692369108938,0.666815500806325,0.389633850951728,0.680123248453421,0.409736720962265,0.476612458580841,0.607114139162742,0.0573015549575984,0.463282838542889,0.478298729903397,0.335917578825179,-0.130584422687183,-0.353432869157213,-0.296556642391072,-0.539988879095291,-0.212122742599432,-0.41890130501244,-0.295928340021815,-0.436226066743483,-0.182786155742558,-0.231029184933963,-0.0957966211478409,-0.130462212969619,0.0392092155590434,0.48568623769663,0.319857147626515,0.396145446142332,0.372858407508847,0.133632332321129,0.127563067491904,-0.512955503540682,0.275670760406211,-0.0458297049667945,-0.0546431890311946,-0.0438012382166803,-0.435413308188487,-0.418468900144585,-0.463343105395731,-0.249887906454067,NA,-0.187435137032547,0.313253379455429
"avg_shoot_density",-0.110694895906348,0.925511214175319,0.433500356023779,0.299640330523964,0.330011774937381,-0.398317698036275,-0.466659755081205,-0.160743528123908,0.583499254772917,0.16609937730851,-0.0103556617667864,0.899366629812129,-0.0895607005365654,-0.543418894027879,NA,0.642610718845777,0.763933823924247,1,0.826624644033533,-0.203530599501478,0.00968641086275873,0.749336736227197,0.806546180271915,0.421429966345283,NA,0.75917252151919,0.0731096873731617,0.0153357325276036,0.713584342989947,0.547429803176697,0.551179495866892,0.276788084375665,0.748779407842293,0.058762382328999,0.675683021785136,0.213260738872124,0.464405285837282,0.603471017952687,0.0731096873731617,0.524539744370778,0.577299554354373,0.346550625598114,-0.248095636027723,-0.465526182768239,-0.421073020929007,-0.571279650423544,-0.198374456497768,-0.365638794802349,-0.211793355973725,-0.407289970053503,-0.363835988440847,-0.295809344789348,-0.0838810632074085,-0.079557917640199,-0.0826804108020336,0.185380479493883,-0.0263806077643394,0.0571962776615183,0.0362935510421779,-0.193901286667704,-0.139103274714363,-0.458875101903285,0.128303223041034,0.201895451280642,0.247193081381705,0.213125415179058,-0.257999625616171,-0.266766375296575,-0.25682086957537,-0.165883104614234,NA,-0.0729614814545576,0.115844204642807
"max10",0.22378905356128,0.843731615560876,0.499023046476817,0.30550919958523,0.231883727871514,-0.429144035408388,-0.457535895542829,-0.0329563781449391,0.582052752039082,0.126536691334905,-0.0351685201142048,0.845779223544346,-0.125580822991556,-0.545087960683572,NA,0.561742863660931,0.985472260376731,0.826624644033533,1,-0.0737582643319821,-0.134970329037613,0.726207870734315,0.943853932672909,0.717670554082538,NA,0.723954087802443,0.0673062822709066,0.230574889501572,0.926455882396799,0.711218373736299,0.641589325364931,0.354845653044821,0.695604688996338,0.347645143357155,0.676679106432703,0.371617573085578,0.51602995908293,0.661421379826074,0.0673062822709066,0.497658685778069,0.522444207629753,0.359359556812223,-0.164172856524998,-0.391795687535611,-0.33663454592791,-0.561751325314514,-0.230827438970272,-0.423470105659909,-0.294945513130954,-0.446060513956131,-0.2756888330566,-0.253205043600641,-0.0896625179669721,-0.0983553366082066,-0.0159305584254499,0.468791211397356,0.300617199332343,0.37832641765315,0.35452318657868,0.119895587838241,0.0994215629600811,-0.520431670146928,0.275977722348403,-0.0116839939499601,-0.0137319011395644,-0.00768660604311112,-0.427038888425419,-0.413065023550762,-0.453758918463337,-0.253347877384228,NA,-0.166145888203707,0.318429087411614
"depth_m_avg",0.258768413312228,-0.297837362924793,-0.00604925097816361,0.0192343321336731,0.0385228621831725,0.479922066943711,0.121415512109417,-0.163438370961249,0.117387801128678,0.260943824333061,0.271451886830626,-0.243715335580827,0.259294633122,0.215461876937191,NA,0.0430012937410267,-0.0380830053387049,-0.203530599501478,-0.0737582643319821,1,-0.241302789634372,-0.068227892455942,-0.0520618810436614,0.0226080355864935,NA,-0.0696495803481893,0.090070475474596,0.00752641921265083,0.0421642045945331,0.0425623556180219,-0.0318379123132951,-0.116866061851978,-0.0687408893910099,-0.192623060605184,0.0828299240949606,-0.115915498000691,-0.232670770704874,-0.0721263745721235,0.090070475474596,-0.053179076253151,-0.133590091420902,0.0476864479066392,-0.219569463877372,0.295245456627585,0.233643645594135,0.439745817972446,0.142889184330634,0.554278600234619,0.556141431804305,0.547605021185043,0.222263335729437,0.354094232080674,0.317908518715543,-0.106513532691239,0.167415656608465,0.121066943205711,0.204607062002991,0.167035087653074,0.172040788588986,0.223431916657541,0.209242214494027,0.267627016503349,0.423359845855974,0.341147242571024,0.273216685620986,0.332210955861259,-0.0397205916390374,0.0911428889497714,0.0501905517585888,0.190295246401322,NA,0.213617912189433,-0.189737811173143
"sal_avg",-0.566163633574477,0.0676025650408466,-0.0829205795708829,0.18993734874403,-0.178165435287478,-0.169164382934936,-0.235550768935317,0.182287827848173,-0.026294705105995,-0.0143260684581925,-0.103737718215226,0.071343876393373,-0.181871977078936,-0.0652668057253757,NA,-0.119330073707477,-0.128493072575603,0.00968641086275873,-0.134970329037613,-0.241302789634372,1,0.220196902873398,-0.088153514253014,-0.165051522639115,NA,0.226088511870164,-0.0162646874710054,-0.0501428967139881,-0.221833221374135,0.195433614104698,0.199263986497501,0.244091405099693,0.209184931039594,0.0334821985413039,-0.098600184563025,0.208100464186753,0.234790029283178,0.282258325959278,-0.0162646874710054,0.271777536366219,0.208208719624225,0.287422759280638,0.229668950522067,-0.00107832878627006,0.0166994798183781,-0.0480848901278147,0.00191124106387644,-0.198248151929336,-0.173225145314717,-0.192505051685193,0.0299609312178286,0.0540460802919857,0.00772518056246486,-0.0256900366327636,0.00563588684101094,-0.0487317888957611,-0.0723521318165192,-0.0863657011206614,-0.0838518517103688,-0.176950494026033,0.0820318380715248,-0.136125462776687,-0.43401869720277,0.047233347663217,0.165274921656362,0.0984886266861169,0.17414444981693,0.103409847233471,0.148488910598365,0.15516847407152,NA,0.0218370924356039,0.287871879532935
"total_abund_sum",-0.104073296385726,0.803096972748474,0.463294884465535,0.254711362502672,0.26799399880235,-0.325773228751933,-0.396429988317006,-0.148828616295729,0.591048859336034,0.180168378230911,0.0243567025831756,0.796682962668264,-0.0515723946032258,-0.463664955456621,NA,0.590424303081846,0.697373605481968,0.749336736227197,0.726207870734315,-0.068227892455942,0.220196902873398,1,0.803250418658135,0.380631042645177,NA,0.99863036043019,0.413378928587219,0.283436056539565,0.615686920209572,0.703266788996355,0.723363670311613,0.584446909617706,0.992881281795399,0.103596829165331,0.744773730759678,0.50997505625456,0.628489171404691,0.762931628172828,0.413378928587219,0.522149361829574,0.512822243809772,0.41782167133832,-0.122200095825259,-0.383735795698437,-0.34319893589644,-0.488171386319433,-0.241597993191111,-0.295977880127348,-0.198274346240024,-0.324749850259634,-0.164787428988239,-0.2108636458614,-0.10457629228343,-0.115818535366372,-0.0336500219670842,0.404508471944044,0.174063496223635,0.242782744768488,0.204124985231414,0.0574604171797665,0.0368074699197857,-0.383014734691589,0.202520816114565,0.352748318550849,0.305376112602337,0.341504450193292,-0.263594926844276,-0.211341516090348,-0.250600857804072,0.0358934748597251,NA,0.182904130693742,0.208656415001809
"comm_richness_sum",0.164309290408544,0.830128558556863,0.476063488295169,0.260880522598167,0.243698837258436,-0.335711595501915,-0.442792804846427,-0.0624545738573658,0.606439074273066,0.107766419806473,-0.032440249605165,0.822538398184162,-0.0712477836195747,-0.559315875973044,NA,0.594853621077636,0.932760386546887,0.806546180271915,0.943853932672909,-0.0520618810436614,-0.088153514253014,0.803250418658135,1,0.722551268289309,NA,0.797841036415605,0.280534827667221,0.306905753899847,0.931831015101312,0.689785858865667,0.671799051029544,0.332931969688472,0.780049276217352,0.355349310081374,0.739658661379913,0.360124762390302,0.463333946189996,0.662512071475738,0.280534827667221,0.499730532072708,0.498732881186031,0.390641662264623,-0.138873769023393,-0.406711802956088,-0.355534207342811,-0.556862677132755,-0.275161236221543,-0.358463035223447,-0.237786487345888,-0.389179203498745,-0.252142447633604,-0.251881865511143,-0.0717118235688743,-0.149311213449902,-0.0336988757264107,0.439684207697924,0.233454223383208,0.31458657213342,0.285864541269651,0.0458434013998449,0.0791324821731422,-0.497358111577208,0.279214374322069,0.108404926674234,0.0629583921052723,0.0911011733787953,-0.391559379042624,-0.362273637272493,-0.39452478252192,-0.209096229836618,NA,-0.102328646550953,0.236336103388463
"comm_shannonD_sum",0.273503228188632,0.484838471737459,0.402138692851822,0.283297660040548,0.160552702288088,-0.17383135161411,-0.0725535355320886,0.381067501358956,0.60362144491563,0.129407699823913,0.0214783164347714,0.526833911734998,0.202355996251511,-0.303411117637327,NA,0.493296242869473,0.745378692950402,0.421429966345283,0.717670554082538,0.0226080355864935,-0.165051522639115,0.380631042645177,0.722551268289309,1,NA,0.369785257616364,-0.0130998914008977,0.298068233022719,0.758659517860761,0.402529693248609,0.504408250180314,0.212087262153141,0.333164373152779,0.604773397972333,0.421007264260644,0.203977168969696,0.369969002470985,0.462850079794152,-0.0130998914008977,0.412526177185288,0.338658494891139,0.423156370040866,-0.0825527021118823,0.00322203560843887,0.0707267405999031,-0.282527675397186,-0.196645749959682,-0.21499487400404,-0.0811410020352071,-0.250957027994501,-0.165862610925198,0.104217528692519,-0.00972813325306941,-0.192310706494992,0.0301736401456247,0.413187469806275,0.337705551851082,0.366755228478751,0.360638217609281,0.26478460442103,0.241634639956129,-0.563350460040573,0.138845393915723,-0.0744483065916535,-0.00978305912373346,-0.0217956694073935,-0.487607024597679,-0.450164356464371,-0.481850992676082,-0.207728160538949,NA,-0.219808867065675,0.293135478484285
"comm_evenness_sum",NA,NA,NA,NA,NA,NA,NA,NA,NA,NA,NA,NA,NA,NA,NA,NA,NA,NA,NA,NA,NA,NA,NA,NA,1,NA,NA,NA,NA,NA,NA,NA,NA,NA,NA,NA,NA,NA,NA,NA,NA,NA,NA,NA,NA,NA,NA,NA,NA,NA,NA,NA,NA,NA,NA,NA,NA,NA,NA,NA,NA,NA,NA,NA,NA,NA,NA,NA,NA,NA,NA,NA,NA
"carnivore",-0.126188157425298,0.809386483394209,0.470376665652274,0.263886300785506,0.273650909937731,-0.340629967417908,-0.39532489610444,-0.153074986048825,0.585947132472741,0.192832429375794,0.034828193550332,0.804808188759622,-0.0570315298149152,-0.466310174944439,NA,0.592084944610956,0.691119163987772,0.75917252151919,0.723954087802443,-0.0696495803481893,0.226088511870164,0.99863036043019,0.797841036415605,0.369785257616364,NA,1,0.423538662380673,0.232874386523312,0.611895037200567,0.687166227247031,0.714904036067248,0.565874419500657,0.994275791681954,0.0845175991270511,0.75367089758308,0.481343074221248,0.618180660621718,0.76543364540872,0.423538662380673,0.520384981597518,0.514592424693908,0.412340609849836,-0.127601490930683,-0.391666708687123,-0.351056576508284,-0.493231223798767,-0.245792185918701,-0.304568199007106,-0.19791199853216,-0.334593660604699,-0.174764546427652,-0.220192030599125,-0.0933175364186502,-0.109954602021778,-0.0429163279577246,0.39085668181526,0.159420149604628,0.227134006546909,0.188348387876581,0.0431983175805144,0.0250086169994884,-0.378553369653177,0.195852727600313,0.369794143018739,0.318533670114212,0.355850767197188,-0.252583148778998,-0.20266946374163,-0.238811863656094,0.0406629689183535,NA,0.194437035925325,0.203708483700531
"herbivore",-0.183140308700208,0.0800584749363007,0.266688918913682,-0.0664419632062078,-0.015188162784737,-0.0941641287672438,-0.109495622434069,-0.0464082094101849,0.0281160778557767,0.159297551543242,0.228432441769921,0.107429349040373,-0.061541083462959,-0.131202639196745,NA,0.0249914929196793,0.0573015549575984,0.0731096873731617,0.0673062822709066,0.090070475474596,-0.0162646874710054,0.413378928587219,0.280534827667221,-0.0130998914008977,NA,0.423538662380673,1,-0.0851684983738665,0.146303900660691,-0.045886630773916,0.133802368398657,0.0378158264155166,0.455181692373558,-0.104596858351039,0.491321078367774,-0.0625448395339931,-0.103485625786755,0.156288451646125,1,-0.0547773755259593,-0.0905466171829918,-0.0267045580996727,0.030795044417233,-0.157704367962789,-0.147910311523668,-0.17051103446501,-0.235773996680078,-0.124319334443238,-0.139856073260789,-0.114061130412494,0.187097109305571,-0.182764388757681,0.0769519354198118,-0.0605532354551049,-0.110481645022218,-0.0158899187443426,-0.159795544048013,-0.11853665653864,-0.176424258661827,-0.0373078725808602,-0.237880731942103,0.151675733117317,0.0610031671657307,0.436521745706619,0.153126092101905,0.288447922020655,0.165050136973691,0.124790261929479,0.153447637711069,0.277452561054887,NA,0.443634982522843,-0.219865779734815
"omnivore",0.378840514098695,0.0942350454472959,-0.0104447699619882,-0.100841094231596,-0.0333621943449864,0.187416483779591,-0.123046277713513,0.039146437370005,0.247650153478554,-0.185823961539162,-0.186930884846411,0.0587647637308938,0.0868722323876149,-0.0718305304960243,NA,0.123756505972495,0.296324121125598,0.0153357325276036,0.230574889501572,0.00752641921265083,-0.0501428967139881,0.283436056539565,0.306905753899847,0.298068233022719,NA,0.232874386523312,-0.0851684983738665,1,0.229257614056531,0.478803896091285,0.342915185007333,0.492372386182009,0.230685707012338,0.376996903805314,0.0282694376213812,0.657729953116656,0.353682059560121,0.152492482277296,-0.0851684983738665,0.169171043937606,0.102310538270052,0.209712695168808,0.0666809109744246,0.0459848263585987,0.0551682725702237,-0.0337612867850485,0.0153242040187666,0.0807473559679627,-0.0574371645644257,0.0960911585371922,0.138146006952451,0.116928198143755,-0.233934458536206,-0.137143300094192,0.161586152643654,0.355680483861142,0.314640703439324,0.35070097953954,0.343358466406601,0.276291835424133,0.227278384280924,-0.182865482837509,0.174519090877496,-0.222923685473193,-0.162082623655931,-0.175380862579325,-0.271622650951894,-0.214853022720219,-0.282364809998556,-0.0799247941321012,NA,-0.166482636887074,0.146692250667973
"soniferous_S",0.310317965391448,0.7081992685336,0.500619212899811,0.404538351497692,0.254015177976718,-0.331580913346599,-0.427252465826065,-0.0830655039180478,0.565648891518943,0.182444085882333,0.0147399021560461,0.750891784271635,-0.110151655805782,-0.528412528717923,NA,0.520723054636213,0.927968623867677,0.713584342989947,0.926455882396799,0.0421642045945331,-0.221833221374135,0.615686920209572,0.931831015101312,0.758659517860761,NA,0.611895037200567,0.146303900660691,0.229257614056531,1,0.556548230289759,0.65329185557339,0.177195473437465,0.57601406995678,0.312373917833542,0.729901402027454,0.220182050057275,0.389487924300931,0.628901261559596,0.146303900660691,0.525465548665552,0.550117490769184,0.377455700313766,-0.174447362014442,-0.371920298598658,-0.322834393432801,-0.520147315472927,-0.299508046553188,-0.336200061958444,-0.182694230338829,-0.368981158273551,-0.326007949805117,-0.207798597551948,0.0267253189833597,-0.144912074963552,-0.042426317899117,0.427245825534612,0.29436253297806,0.364430355294474,0.345108199740156,0.105337554248941,0.106215875742952,-0.478193365615954,0.347125799526609,-0.0275090431060308,-0.0651490815402187,-0.0483169056925622,-0.428427863617502,-0.446480589475887,-0.475417014607019,-0.313856919735966,NA,-0.203753749056367,0.274869168362648
"carn_2",0.155936461056412,0.597793741087907,0.0640931877227062,0.0305867767368553,-0.0678096011450473,-0.249958640147522,-0.291924316082604,-0.116265576378117,0.417606555860236,-0.062270030193406,-0.161784295014053,0.511016497043451,-0.101295311437233,-0.344070946036331,NA,0.327093534161587,0.726438349446323,0.547429803176697,0.711218373736299,0.0425623556180219,0.195433614104698,0.703266788996355,0.689785858865667,0.402529693248609,NA,0.687166227247031,-0.045886630773916,0.478803896091285,0.556548230289759,1,0.483973375079568,0.582943613592249,0.676162668772154,0.33148401169155,0.28681706996328,0.740770301715644,0.496948566986189,0.514346773626691,-0.045886630773916,0.359917325068208,0.377872103473926,0.256332550048941,-0.0892835631705823,-0.334863588618173,-0.314710462513988,-0.363533791020201,0.0796239675414467,-0.230362302288882,-0.120250196068265,-0.256537089532182,-0.0513285484804447,-0.212132032717176,-0.0401221221921588,-0.15079226618421,0.193473737473898,0.481376815026804,0.336264694693999,0.388047339854393,0.379483777822707,0.0907257786517637,0.252045485450565,-0.375294884215143,0.194883171060572,-0.0675256645047172,-0.00391148730301164,-0.0113593237956781,-0.312414670612799,-0.222806280941976,-0.285237799154325,-0.0630360896082229,NA,-0.0970689109471067,0.300110719712188
"detritivore",0.128370255404583,0.674352895712916,0.588983038834374,0.698438474861506,0.0686395459332978,-0.175632919132359,-0.34324338122799,-0.144857617516013,0.616297098535738,0.44035396931136,0.194331152314836,0.789722446050326,-0.0835032795404393,-0.377242025637076,NA,0.679858294069461,0.600320649388176,0.551179495866892,0.641589325364931,-0.0318379123132951,0.199263986497501,0.723363670311613,0.671799051029544,0.504408250180314,NA,0.714904036067248,0.133802368398657,0.342915185007333,0.65329185557339,0.483973375079568,1,0.551195748840596,0.642476987998172,0.101090581072832,0.608927075573888,0.323314963887037,0.798209675009322,0.95962627552884,0.133802368398657,0.814344513172445,0.739110542019641,0.752677182837012,-0.0430831168877183,-0.269563519744584,-0.228980271340604,-0.402274558214917,-0.345338574964787,-0.240786079416357,-0.192420983306577,-0.256424772111649,-0.41216530685656,0.0037555625031409,-0.0227134661511002,-0.0121885742864641,-0.152949568780066,0.426984108441731,0.38381783901378,0.429172065354107,0.408491103754392,0.334825126213891,0.150392866955353,-0.391494917633398,0.283635670329608,-0.0091185359624184,0.0596194830263945,0.0403695871170544,-0.388325514623444,-0.354529411605866,-0.405442343459173,-0.182930189205077,NA,0.0402844844584908,0.472220240448981
"herb_2",-0.00898687665556225,0.451971494735589,0.364695344709629,0.0270924158254836,-0.193105000813518,-0.144938746346445,-0.168537196210307,-0.0714321661566238,0.366912944259262,0.0493469959733491,-0.0533405176474833,0.449315739099855,-0.0947248979276492,-0.201948940551725,NA,0.359851426225663,0.356692369108938,0.276788084375665,0.354845653044821,-0.116866061851978,0.244091405099693,0.584446909617706,0.332931969688472,0.212087262153141,NA,0.565874419500657,0.0378158264155166,0.492372386182009,0.177195473437465,0.582943613592249,0.551195748840596,1,0.53660589605461,0.0730616517196943,0.256142624376909,0.74353262324315,0.837131905576807,0.579630364382649,0.0378158264155166,0.525389269873515,0.471323995291996,0.491581339355291,-0.0483670772981406,-0.234938223995438,-0.22212740709714,-0.246624083719778,-0.0286106409608909,-0.191103075642135,-0.209082837159037,-0.180700067460453,-0.111866191731335,-0.0581999558810579,-0.140649486654229,0.118221831940497,-0.132954932410768,0.305090711926852,0.267549236769745,0.286130578165004,0.281488341388018,0.254497083512972,0.144777760671417,-0.188545644434111,0.0263865392282075,0.0230934582994466,0.152162625748693,0.135033008968355,-0.173734666465589,-0.104922919240492,-0.160114431772529,0.202905883970028,NA,0.221648050674887,0.310808491101119
"invertivore",-0.14740532812795,0.784374068632858,0.435971098137365,0.179618345492581,0.303031236634558,-0.331748950772951,-0.384679498556937,-0.147174453853963,0.557248290529301,0.145572407914723,0.010817366393445,0.763242234809983,-0.0386772525680607,-0.453499009277166,NA,0.554768324878225,0.666815500806325,0.748779407842293,0.695604688996338,-0.0687408893910099,0.209184931039594,0.992881281795399,0.780049276217352,0.333164373152779,NA,0.994275791681954,0.455181692373558,0.230685707012338,0.57601406995678,0.676162668772154,0.642476987998172,0.53660589605461,1,0.0799547187004749,0.744371286498691,0.475488558194085,0.554358012735829,0.692865290314117,0.455181692373558,0.448876025674079,0.448624959550624,0.345763856826994,-0.126767423580116,-0.381818916452628,-0.343497602294308,-0.475699081121242,-0.22412665455003,-0.285598017178225,-0.183096165259063,-0.316032504976957,-0.121371240601762,-0.233016009783444,-0.104720259814837,-0.12865598462584,-0.0178936602681993,0.370094242821345,0.118000551584059,0.186794436860255,0.145901560138176,0.00459202360007855,0.0026456775647548,-0.354201515714506,0.183737286029674,0.412976501455421,0.340592346260096,0.387256842686738,-0.226089917474311,-0.176638755163059,-0.208998802710602,0.0664622108117673,NA,0.205928604108983,0.142743849459009
"omni_2",0.198828010681801,0.186853801732994,-0.202462181349193,-0.111009222935035,-0.163645904457146,-0.10133484056302,-0.0141300166344498,0.727992953443216,0.152997177858738,-0.146028304741346,-0.118879357170503,0.095658912828715,0.15029430751536,-0.0186087908266983,NA,0.0418358365407635,0.389633850951728,0.058762382328999,0.347645143357155,-0.192623060605184,0.0334821985413039,0.103596829165331,0.355349310081374,0.604773397972333,NA,0.0845175991270511,-0.104596858351039,0.376996903805314,0.312373917833542,0.33148401169155,0.101090581072832,0.0730616517196943,0.0799547187004749,1,-0.095675602597081,0.264814914993048,0.101463406642521,0.0634686162853918,-0.104596858351039,-7.28240226319976e-05,-0.0185359281972649,0.0290840810067702,0.105517516153368,0.333288570719005,0.402709662619374,-0.0472971128445732,-0.180021270360827,-0.190500504785888,-0.220057744306529,-0.18410552324137,0.110758354738468,0.250477363043542,-0.224153765282683,-0.0240182139746123,0.0787475286600868,0.416930090931832,0.366992048133771,0.381478149190013,0.387755907800095,0.176096085550662,0.273682445217644,-0.35889060903151,-0.090199688084993,-0.262117111779061,-0.287594789154608,-0.266296242868306,-0.305102514247413,-0.292002195528898,-0.336291308514602,-0.184579173378403,NA,-0.273635255102471,0.431180222944516
"piscivore",0.0288917958094968,0.611729994761233,0.771977954206482,0.329383579843948,0.501224055651468,-0.350411012173526,-0.410426063267953,-0.162333005879512,0.53385484284924,0.305171703755896,0.137318199618158,0.712119905369484,-0.0840416982170263,-0.47841651127097,NA,0.484353855231177,0.680123248453421,0.675683021785136,0.676679106432703,0.0828299240949606,-0.098600184563025,0.744773730759678,0.739658661379913,0.421007264260644,NA,0.75367089758308,0.491321078367774,0.0282694376213812,0.729901402027454,0.28681706996328,0.608927075573888,0.256142624376909,0.744371286498691,-0.095675602597081,1,0.0500764950939278,0.364089342676725,0.611962861984994,0.491321078367774,0.496395102057137,0.482737534683064,0.384731035475183,-0.11905321970809,-0.368364512341343,-0.329143758214097,-0.471793462107806,-0.366505994585873,-0.287290533600155,-0.157536370829929,-0.310276534213474,-0.146624704299753,-0.204795302135699,0.0305464771411763,-0.0926111417453242,-0.0954863184718066,0.237753597488428,0.0561892415686484,0.117762892840834,0.0792245777708427,0.0137495501595681,-0.103624719112699,-0.242256652355565,0.302762512119541,0.350996598009019,0.207590925087682,0.282175659124932,-0.241107349038886,-0.237962477167943,-0.251587445196463,-0.105710018369693,NA,0.140279392932286,0.0674966476422646
"planktivore",0.049631743101789,0.325540088637164,-0.111027140318237,-0.0244802093568249,-0.145365269771418,-0.160706296078308,-0.178203479529346,-0.0448633218752735,0.244083100496701,-0.227666218371532,-0.269323068872679,0.242632787813149,-0.127155107739733,-0.214489883860343,NA,0.109054768351106,0.409736720962265,0.213260738872124,0.371617573085578,-0.115915498000691,0.208100464186753,0.50997505625456,0.360124762390302,0.203977168969696,NA,0.481343074221248,-0.0625448395339931,0.657729953116656,0.220182050057275,0.740770301715644,0.323314963887037,0.74353262324315,0.475488558194085,0.264814914993048,0.0500764950939278,1,0.611995282386905,0.353931685187798,-0.0625448395339931,0.213138415202251,0.255466774009179,0.106443963885072,-0.121704242978294,-0.214867159389039,-0.198189719468499,-0.247319339209646,0.0928522579809627,-0.196530987995507,-0.212055350177278,-0.186843927319972,-0.00844664836547299,-0.152608641149085,-0.239352618385408,0.011065404398725,0.0168800249470156,0.299266156565504,0.252884273367605,0.288602664846692,0.291093622030778,0.0888504914204382,0.222720081410499,-0.29457173883974,-0.044637681631982,-0.112693254753505,0.040294169800815,-0.0197784327691341,-0.109510417816888,-0.0311815999215428,-0.101207805669807,0.169414599173941,NA,0.00366034042730385,0.277037298452859
"num_bai_chr",-0.00577530175977498,0.659253531846254,0.447172849030129,0.468178133985582,-0.010733571187169,-0.219213895839609,-0.254601372251831,-0.106802083336934,0.513941397662878,0.228317972046705,0.0258277977426963,0.710665088346728,-0.107448574074881,-0.293844555799574,NA,0.595299980855677,0.476612458580841,0.464405285837282,0.51602995908293,-0.232670770704874,0.234790029283178,0.628489171404691,0.463333946189996,0.369969002470985,NA,0.618180660621718,-0.103485625786755,0.353682059560121,0.389487924300931,0.496948566986189,0.798209675009322,0.837131905576807,0.554358012735829,0.101463406642521,0.364089342676725,0.611995282386905,1,0.835697304007112,-0.103485625786755,0.719989184258927,0.693680073503279,0.627974554211831,-0.120960396207557,-0.269457331580542,-0.237508475796761,-0.349232378127066,-0.176119255788371,-0.273541937235453,-0.256915732906093,-0.273103393843113,-0.401215335867503,-0.0364632260914357,-0.166926229027127,0.141123980184761,-0.248086767644358,0.337319913498178,0.335844905472266,0.357291740154801,0.363027878363612,0.265702052646186,0.169022187394203,-0.378198920729672,0.0804656435779932,-0.0519841348709973,0.155480655445291,0.082354759358595,-0.300203581843175,-0.229520842228422,-0.285268976314003,-0.00734770340735193,NA,0.093663269627923,0.489206132523486
"num_ort_chr",-0.00359431457501131,0.733508727494317,0.560645709966245,0.714631351814049,0.0311951587877388,-0.293074149036716,-0.341798801853953,-0.142666515654975,0.594499837585311,0.445947647126536,0.191472907995087,0.835671317012588,-0.14224394623819,-0.405011005117314,NA,0.664575122310994,0.607114139162742,0.603471017952687,0.661421379826074,-0.0721263745721235,0.282258325959278,0.762931628172828,0.662512071475738,0.462850079794152,NA,0.76543364540872,0.156288451646125,0.152492482277296,0.628901261559596,0.514346773626691,0.95962627552884,0.579630364382649,0.692865290314117,0.0634686162853918,0.611962861984994,0.353931685187798,0.835697304007112,1,0.156288451646125,0.808531432093469,0.767138627590729,0.706271499349778,-0.0945059795701991,-0.332202003219308,-0.28839804115127,-0.455912777007652,-0.333463110224077,-0.33028990197845,-0.234937543371595,-0.348793369618947,-0.457405860720163,-0.0715636393270454,-0.00529168797513207,0.0452266233789752,-0.21017802435955,0.385420331781662,0.341423902426967,0.382562645357502,0.365423974270134,0.25796035084685,0.130541771646965,-0.408080852471172,0.198939264727054,0.0459305156886229,0.128922222748194,0.10187583872838,-0.320980140945846,-0.287201436382395,-0.332345457406202,-0.103039030105079,NA,0.107150146643227,0.503429679298288
"num_ops_tau",-0.183140308700208,0.0800584749363007,0.266688918913682,-0.0664419632062078,-0.015188162784737,-0.0941641287672438,-0.109495622434069,-0.0464082094101849,0.0281160778557767,0.159297551543242,0.228432441769921,0.107429349040373,-0.061541083462959,-0.131202639196745,NA,0.0249914929196793,0.0573015549575984,0.0731096873731617,0.0673062822709066,0.090070475474596,-0.0162646874710054,0.413378928587219,0.280534827667221,-0.0130998914008977,NA,0.423538662380673,1,-0.0851684983738665,0.146303900660691,-0.045886630773916,0.133802368398657,0.0378158264155166,0.455181692373558,-0.104596858351039,0.491321078367774,-0.0625448395339931,-0.103485625786755,0.156288451646125,1,-0.0547773755259593,-0.0905466171829918,-0.0267045580996727,0.030795044417233,-0.157704367962789,-0.147910311523668,-0.17051103446501,-0.235773996680078,-0.124319334443238,-0.139856073260789,-0.114061130412494,0.187097109305571,-0.182764388757681,0.0769519354198118,-0.0605532354551049,-0.110481645022218,-0.0158899187443426,-0.159795544048013,-0.11853665653864,-0.176424258661827,-0.0373078725808602,-0.237880731942103,0.151675733117317,0.0610031671657307,0.436521745706619,0.153126092101905,0.288447922020655,0.165050136973691,0.124790261929479,0.153447637711069,0.277452561054887,NA,0.443634982522843,-0.219865779734815
"seagrass_area",0.0471063850813426,0.579071344603476,0.535394411875989,0.612715421606124,0.0344820727712231,-0.0842657402668496,-0.324619799344938,-0.0962870030359549,0.501787094156344,0.315824354058847,0.048115449677371,0.686152759862429,-0.152880692491035,-0.438361201226381,NA,0.617866056545981,0.463282838542889,0.524539744370778,0.497658685778069,-0.053179076253151,0.271777536366219,0.522149361829574,0.499730532072708,0.412526177185288,NA,0.520384981597518,-0.0547773755259593,0.169171043937606,0.525465548665552,0.359917325068208,0.814344513172445,0.525389269873515,0.448876025674079,-7.28240226319976e-05,0.496395102057137,0.213138415202251,0.719989184258927,0.808531432093469,-0.0547773755259593,1,0.938791942691105,0.891386759027387,-0.0760442883421193,-0.220509161594955,-0.184803111543888,-0.363607219971801,-0.30119643614264,-0.125129277632539,-0.0317095045468234,-0.163986106030917,-0.443024599451741,0.136497350012129,0.0425142708449357,-0.0208840139861868,-0.0741861391924949,0.365197894529864,0.356959981748922,0.398874661740055,0.383625644168086,0.279398269566412,0.149177304412492,-0.309053163215593,0.200008010908644,0.038030468843157,0.178195361380834,0.136446018988079,-0.381424830550177,-0.293826024027535,-0.338964825860063,-0.126138306889331,NA,0.0476544534325258,0.442850091381066
"seagrass_core.area",0.0806552707768492,0.609134692060013,0.412791565363272,0.605474763335394,-0.0175602959643646,-0.269839221820974,-0.304606197630076,-0.15916926903553,0.424887580894136,0.253819291208374,-0.0176815016506481,0.685594532879807,-0.246938464583965,-0.488237016518048,NA,0.515990505903184,0.478298729903397,0.577299554354373,0.522444207629753,-0.133590091420902,0.208208719624225,0.512822243809772,0.498732881186031,0.338658494891139,NA,0.514592424693908,-0.0905466171829918,0.102310538270052,0.550117490769184,0.377872103473926,0.739110542019641,0.471323995291996,0.448624959550624,-0.0185359281972649,0.482737534683064,0.255466774009179,0.693680073503279,0.767138627590729,-0.0905466171829918,0.938791942691105,1,0.683421937636407,-0.246793053110261,-0.354141876480098,-0.317771710422176,-0.453437648581945,-0.243071766682826,-0.26642370263441,-0.0954750400480145,-0.316706408493865,-0.529524256073969,-0.0311274285924413,0.103505591999626,0.00853500524368423,-0.109427202791691,0.352053297444717,0.328932880698599,0.372522380919965,0.369309227827439,0.161065556256891,0.144168369815249,-0.389772887272225,0.10994238149027,-0.0632854799482143,0.0607406247676738,0.00987903044120077,-0.375562420118875,-0.357007448978918,-0.38564680227962,-0.255847508011919,NA,-0.102077881285871,0.475405101861822
"seagrass_perimeter",0.00246733696668027,0.438382261142404,0.573413898168928,0.501825857508884,0.0918718487191985,0.204209966130986,-0.272080947617116,-0.0110223867264782,0.498328773808687,0.330216836505456,0.12009435827499,0.558933495533702,0.0111626228547426,-0.276991399537972,NA,0.660310307891673,0.335917578825179,0.346550625598114,0.359359556812223,0.0476864479066392,0.287422759280638,0.41782167133832,0.390641662264623,0.423156370040866,NA,0.412340609849836,-0.0267045580996727,0.209712695168808,0.377455700313766,0.256332550048941,0.752677182837012,0.491581339355291,0.345763856826994,0.0290840810067702,0.384731035475183,0.106443963885072,0.627974554211831,0.706271499349778,-0.0267045580996727,0.891386759027387,0.683421937636407,1,0.159910020238496,0.00706415277511391,0.0325046597806687,-0.158700836672355,-0.324674415712184,0.11141630566466,0.078691877022417,0.0933004210151207,-0.281136421015131,0.345608260909418,-0.0575738014261928,-0.0388721237696309,-0.0285037185219224,0.327236316263729,0.345910242269011,0.374330997874153,0.34835347427186,0.397662419883079,0.145811646346717,-0.139414602897329,0.297251383352186,0.170611698638012,0.311170284580634,0.289128939040058,-0.331371630421998,-0.151698530356447,-0.21751834905222,0.0629619623192322,NA,0.24046191988142,0.327568976309036
"seagrass_perim.area.ratio",-0.141736426639452,-0.220471051679446,0.0114094434264767,-0.0664914970788142,0.0176195121443819,0.196063745417927,-0.0655726769843501,0.186720948708101,-0.16897729010209,-0.100362494605125,-0.0756706487251698,-0.190835176518266,-0.0430487085564854,0.0333067847950956,NA,-0.134706157260523,-0.130584422687183,-0.248095636027723,-0.164172856524998,-0.219569463877372,0.229668950522067,-0.122200095825259,-0.138873769023393,-0.0825527021118823,NA,-0.127601490930683,0.030795044417233,0.0666809109744246,-0.174447362014442,-0.0892835631705823,-0.0430831168877183,-0.0483670772981406,-0.126767423580116,0.105517516153368,-0.11905321970809,-0.121704242978294,-0.120960396207557,-0.0945059795701991,0.030795044417233,-0.0760442883421193,-0.246793053110261,0.159910020238496,1,0.236626153213193,0.250892356045366,0.106190788491832,-0.080068044151862,0.114305698469062,-0.0590451718770666,0.147101937923577,0.417707264157793,0.203011606222941,-0.149182754810362,-0.353689691024588,0.463213926867186,-0.100191583813484,-0.119503311389498,-0.124211143109204,-0.158894203445313,0.0579402446426185,-0.147754170283168,0.319001070148625,0.0769725096374945,-0.0286347516180615,-0.100171191051244,-0.037205975676469,0.120878530277762,0.129406599677905,0.130193981995715,0.153278595190431,NA,0.127576525960194,-0.175521820429086
"saltmarsh_area",0.126938233416049,-0.466635970388799,-0.280311610579216,-0.0852284531572397,0.0567088112316967,0.608868010829415,0.385440965905763,0.590409966144857,0.0822555528417069,0.239288481304252,0.35349446557001,-0.454557787034834,0.604923199992887,0.62384501984661,NA,-0.0157276073865452,-0.353432869157213,-0.465526182768239,-0.391795687535611,0.295245456627585,-0.00107832878627006,-0.383735795698437,-0.406711802956088,0.00322203560843887,NA,-0.391666708687123,-0.157704367962789,0.0459848263585987,-0.371920298598658,-0.334863588618173,-0.269563519744584,-0.234938223995438,-0.381818916452628,0.333288570719005,-0.368364512341343,-0.214867159389039,-0.269457331580542,-0.332202003219308,-0.157704367962789,-0.220509161594955,-0.354141876480098,0.00706415277511391,0.236626153213193,1,0.990592173345069,0.755865743560453,-0.04371520516511,0.622845507363756,0.383586042571416,0.667321488194165,0.424253834785878,0.922919199846875,-0.0802030684214271,-0.162096986371274,0.272502524913148,0.125328481478275,0.217935736652847,0.184298001508009,0.179769048087306,0.354808088739855,0.114615563416401,0.220370347637905,0.235367254799067,0.203874549792275,0.197141328906955,0.206771149728643,-0.255758541510288,-0.0129819926304055,-0.12137461618825,0.253740204173038,NA,0.325859511414041,-0.0543597866536555
"saltmarsh_core.area",0.103214891497852,-0.420171624511976,-0.25033638359552,-0.0488008202551867,0.0657055883027065,0.535361674525669,0.357698032361556,0.669406223832594,0.0871719657421788,0.214094883925634,0.308645417515013,-0.404197543827992,0.560206851442886,0.548202068638071,NA,-0.00990224962758565,-0.296556642391072,-0.421073020929007,-0.33663454592791,0.233643645594135,0.0166994798183781,-0.34319893589644,-0.355534207342811,0.0707267405999031,NA,-0.351056576508284,-0.147910311523668,0.0551682725702237,-0.322834393432801,-0.314710462513988,-0.228980271340604,-0.22212740709714,-0.343497602294308,0.402709662619374,-0.329143758214097,-0.198189719468499,-0.237508475796761,-0.28839804115127,-0.147910311523668,-0.184803111543888,-0.317771710422176,0.0325046597806687,0.250892356045366,0.990592173345069,1,0.663585482561522,-0.122784956028839,0.54528859880853,0.32203978265162,0.585623530472063,0.401546623232602,0.911187696019181,-0.141966526394429,-0.147916480379755,0.260398296087005,0.132504571755465,0.210748258256226,0.189719326742955,0.176810687651691,0.362989542039548,0.0745273198608419,0.191661182021757,0.197043068519253,0.179247129457479,0.168486878730215,0.17818340989126,-0.244857712155467,-0.0232645091378612,-0.127614276410286,0.243316896130458,NA,0.299796959155686,-0.0132536396582148
"saltmarsh_perimeter",0.155700655494098,-0.579230221857196,-0.359649272476754,-0.22007594107494,-0.0115698257018822,0.722937588272586,0.431916882765505,0.127991991162061,0.0516586938068527,0.33892937096899,0.522311937432874,-0.585733613548595,0.693741753753952,0.872817676361997,NA,-0.0893204882906017,-0.539988879095291,-0.571279650423544,-0.561751325314514,0.439745817972446,-0.0480848901278147,-0.488171386319433,-0.556862677132755,-0.282527675397186,NA,-0.493231223798767,-0.17051103446501,-0.0337612867850485,-0.520147315472927,-0.363533791020201,-0.402274558214917,-0.246624083719778,-0.475699081121242,-0.0472971128445732,-0.471793462107806,-0.247319339209646,-0.349232378127066,-0.455912777007652,-0.17051103446501,-0.363607219971801,-0.453437648581945,-0.158700836672355,0.106190788491832,0.755865743560453,0.663585482561522,1,0.438979542651453,0.757207952838841,0.567763119511242,0.797059184170207,0.432748367815823,0.687585684333276,0.344809889692153,-0.210856524595234,0.264977006868279,0.0236413889105839,0.168651242804581,0.0626653711310567,0.113955456953845,0.162738778299794,0.330651774107021,0.198394447651573,0.233161869279071,0.207715659961499,0.243124612396969,0.240454098240904,-0.246238244110161,0.00148401259278503,-0.0766427238028553,0.174733908779668,NA,0.278174443840689,-0.193366074711252
"saltmarsh_perim.area.ratio",0.0513330392971559,-0.292499625498417,-0.332493447507714,-0.24299038276415,-0.137502343900315,0.0898471817889487,0.256657347208065,-0.136554846090947,-0.00118719098703354,0.0922307279982436,0.229563593911449,-0.347643517358844,0.300137826353592,0.472120379728274,NA,-0.255223137092126,-0.212122742599432,-0.198374456497768,-0.230827438970272,0.142889184330634,0.00191124106387644,-0.241597993191111,-0.275161236221543,-0.196645749959682,NA,-0.245792185918701,-0.235773996680078,0.0153242040187666,-0.299508046553188,0.0796239675414467,-0.345338574964787,-0.0286106409608909,-0.22412665455003,-0.180021270360827,-0.366505994585873,0.0928522579809627,-0.176119255788371,-0.333463110224077,-0.235773996680078,-0.30119643614264,-0.243071766682826,-0.324674415712184,-0.080068044151862,-0.04371520516511,-0.122784956028839,0.438979542651453,1,0.150585549135704,0.279738905000791,0.130382224017209,0.454719157659862,-0.113454165795898,0.662191076071132,-0.4162207902612,0.486312166139846,-0.0851442476205878,-0.0200855774338043,-0.123761836317147,-0.0461932895888638,-0.177316385777543,0.347579632189592,-0.182556988888512,-0.191831483082148,-0.235316314072806,-0.0560341517635252,-0.127761871097011,-0.140695277504736,-0.135052817041841,-0.0568565989215044,-0.128717910303349,NA,-0.245785544209345,-0.215203701052956
"oyster_area",0.085799701477731,-0.403002433129773,-0.266658800425481,-0.169540933051293,0.213475193201825,0.950224481018439,0.261896455859768,-0.142943799919773,0.0938181522251275,0.203096008907987,0.31094253463454,-0.413521203151969,0.565801128605079,0.55651251557613,NA,0.182205611809379,-0.41890130501244,-0.365638794802349,-0.423470105659909,0.554278600234619,-0.198248151929336,-0.295977880127348,-0.358463035223447,-0.21499487400404,NA,-0.304568199007106,-0.124319334443238,0.0807473559679627,-0.336200061958444,-0.230362302288882,-0.240786079416357,-0.191103075642135,-0.285598017178225,-0.190500504785888,-0.287290533600155,-0.196530987995507,-0.273541937235453,-0.33028990197845,-0.124319334443238,-0.125129277632539,-0.26642370263441,0.11141630566466,0.114305698469062,0.622845507363756,0.54528859880853,0.757207952838841,0.150585549135704,1,0.852760470779168,0.9864680287111,0.207777635654333,0.707033226496858,0.12997562088038,-0.223897585437083,0.2572160644907,-0.049791411710789,0.0361455376715782,-0.0106143494175019,-0.00222087656197398,0.148953843100964,0.0656858984993484,0.46193195156618,0.529687551745004,0.474658206355251,0.532088901277271,0.540859536587109,-0.142087254845463,0.216852183039923,0.117997291425874,0.363532484018631,NA,0.455254857059791,-0.399543958725143
"oyster_core.area",-0.0512592232476846,-0.303395814323582,-0.247931958189441,-0.074635277553196,0.217886126322184,0.718590141769475,0.217185454799354,-0.162774068839842,0.142154039942422,0.26492380575914,0.312224273560505,-0.311707318096812,0.497088950110994,0.446043034120954,NA,0.149546830736342,-0.295928340021815,-0.211793355973725,-0.294945513130954,0.556141431804305,-0.173225145314717,-0.198274346240024,-0.237786487345888,-0.0811410020352071,NA,-0.19791199853216,-0.139856073260789,-0.0574371645644257,-0.182694230338829,-0.120250196068265,-0.192420983306577,-0.209082837159037,-0.183096165259063,-0.220057744306529,-0.157536370829929,-0.212055350177278,-0.256915732906093,-0.234937543371595,-0.139856073260789,-0.0317095045468234,-0.0954750400480145,0.078691877022417,-0.0590451718770666,0.383586042571416,0.32203978265162,0.567763119511242,0.279738905000791,0.852760470779168,1,0.763325257950205,0.0522305377271761,0.50101100043376,0.439516448680455,-0.277173965674093,0.260104357817929,-0.170456305106121,-0.107817911484795,-0.174744642401306,-0.14525307995743,-0.0878080174655402,0.0615515664523666,0.318529280683032,0.354617349255489,0.431807438080491,0.538413374229032,0.530189877371183,-0.114713855637952,0.181697531354318,0.140468145294442,0.219945175634865,NA,0.239561009952465,-0.365222369966352
"oyster_perimeter",0.127715140954583,-0.4308110873776,-0.255244441272645,-0.188033746102953,0.192613113941253,0.956796018536011,0.272267508824118,-0.131225384704261,0.0769740280686212,0.198024167047156,0.323065637123732,-0.43732410208986,0.56414070917966,0.589506464031993,NA,0.161503714907687,-0.436226066743483,-0.407289970053503,-0.446060513956131,0.547605021185043,-0.192505051685193,-0.324749850259634,-0.389179203498745,-0.250957027994501,NA,-0.334593660604699,-0.114061130412494,0.0960911585371922,-0.368981158273551,-0.256537089532182,-0.256424772111649,-0.180700067460453,-0.316032504976957,-0.18410552324137,-0.310276534213474,-0.186843927319972,-0.273103393843113,-0.348793369618947,-0.114061130412494,-0.163986106030917,-0.316706408493865,0.0933004210151207,0.147101937923577,0.667321488194165,0.585623530472063,0.797059184170207,0.130382224017209,0.9864680287111,0.763325257950205,1,0.261798092208698,0.729162938034913,0.0619050863478423,-0.19858044935079,0.24185501036207,-0.0203758810816787,0.0751877903307753,0.0325727802946671,0.0376435654900306,0.204306893433776,0.0675670517660046,0.482110698820677,0.553802452175178,0.451179735088187,0.493177933931333,0.503888557704397,-0.146127035535559,0.208256672744674,0.0997595646435145,0.388326886168651,NA,0.499596104370423,-0.391352047186877
"oyster_perim.area.ratio",0.0600602433458913,-0.476678266611976,-0.165090388758584,-0.426059726927788,0.0771231164925889,0.177072036694551,0.198124701404335,0.32771081186867,-0.133881697962668,-0.0720599383695675,0.112243638913884,-0.497384142278089,0.257269849984711,0.364383800653982,NA,-0.390175416781239,-0.182786155742558,-0.363835988440847,-0.2756888330566,0.222263335729437,0.0299609312178286,-0.164787428988239,-0.252142447633604,-0.165862610925198,NA,-0.174764546427652,0.187097109305571,0.138146006952451,-0.326007949805117,-0.0513285484804447,-0.41216530685656,-0.111866191731335,-0.121371240601762,0.110758354738468,-0.146624704299753,-0.00844664836547299,-0.401215335867503,-0.457405860720163,0.187097109305571,-0.443024599451741,-0.529524256073969,-0.281136421015131,0.417707264157793,0.424253834785878,0.401546623232602,0.432748367815823,0.454719157659862,0.207777635654333,0.0522305377271761,0.261798092208698,1,0.255795820744419,0.131851498784341,-0.54446981172448,0.721521055863245,0.0587189679718223,0.0118722467050517,-0.0125872771453582,-0.0294977716127891,0.136208404557393,0.0188975980380377,0.224710675801543,0.0485240351437599,0.020846630068507,-0.0760592165655214,-0.0166580059051432,-0.0274636909852228,-0.0515112195911601,-0.00279513191399311,0.227495199721354,NA,0.15965989985494,-0.394768525429097
"habitat_total",0.145198550286171,-0.285238902030406,-0.109956280884498,0.107679439946509,0.106221978376807,0.698954595801893,0.275293768488138,0.450241937292702,0.269231877814257,0.362877376508434,0.389925043825731,-0.238933708392793,0.59087148161173,0.504150834499864,NA,0.243525455359379,-0.231029184933963,-0.295809344789348,-0.253205043600641,0.354094232080674,0.0540460802919857,-0.2108636458614,-0.251881865511143,0.104217528692519,NA,-0.220192030599125,-0.182764388757681,0.116928198143755,-0.207798597551948,-0.212132032717176,0.0037555625031409,-0.0581999558810579,-0.233016009783444,0.250477363043542,-0.204795302135699,-0.152608641149085,-0.0364632260914357,-0.0715636393270454,-0.182764388757681,0.136497350012129,-0.0311274285924413,0.345608260909418,0.203011606222941,0.922919199846875,0.911187696019181,0.687585684333276,-0.113454165795898,0.707033226496858,0.50101100043376,0.729162938034913,0.255795820744419,1,-0.0276253365575499,-0.195370957653054,0.264774743934278,0.228299102590013,0.323992525791168,0.299792314661155,0.292192072155361,0.439265753531589,0.166468443392705,0.17882488389477,0.386608776825956,0.290227737785415,0.34607792024698,0.341489209248556,-0.387746716474367,-0.0702270549988806,-0.201301470338664,0.252215055052415,NA,0.395838961240642,0.0262650527237349
"NNratio",0.0285511362253575,-0.185404350232153,-0.0430859357958837,0.130465124679349,-0.186890074503879,0.0369138249219838,0.135470792626149,-0.131474362323434,0.177390559024898,0.536036676239612,0.563582973126629,-0.139560054470984,0.281566015366918,0.406736880253139,NA,-0.0958819465532795,-0.0957966211478409,-0.0838810632074085,-0.0896625179669721,0.317908518715543,0.00772518056246486,-0.10457629228343,-0.0717118235688743,-0.00972813325306941,NA,-0.0933175364186502,0.0769519354198118,-0.233934458536206,0.0267253189833597,-0.0401221221921588,-0.0227134661511002,-0.140649486654229,-0.104720259814837,-0.224153765282683,0.0305464771411763,-0.239352618385408,-0.166926229027127,-0.00529168797513207,0.0769519354198118,0.0425142708449357,0.103505591999626,-0.0575738014261928,-0.149182754810362,-0.0802030684214271,-0.141966526394429,0.344809889692153,0.662191076071132,0.12997562088038,0.439516448680455,0.0619050863478423,0.131851498784341,-0.0276253365575499,1,-0.382154829858958,0.271346367950049,-0.0675528605978223,0.00460124115368226,-0.103969282901027,-0.0337502381341058,-0.177965460543832,0.303626193960872,-0.197655133136343,-0.0669400834135957,-0.0660253899694036,-0.0149502003690098,-0.025933479983066,-0.21317410329233,-0.279241451147243,-0.193143812431032,-0.21172421652966,NA,-0.160406580516988,-0.0685921398462551
"dist2adjPatch",-0.0653930891963886,0.0333089964804526,0.0432405258512703,-0.02579392515104,-0.238133882910479,-0.144276493008006,-0.142362423051324,-0.0269345844934047,-0.319236620326133,-0.133318640113923,-0.171473057196916,0.0316695335831394,-0.369753762531725,-0.132140123522332,NA,-0.116967793033303,-0.130462212969619,-0.079557917640199,-0.0983553366082066,-0.106513532691239,-0.0256900366327636,-0.115818535366372,-0.149311213449902,-0.192310706494992,NA,-0.109954602021778,-0.0605532354551049,-0.137143300094192,-0.144912074963552,-0.15079226618421,-0.0121885742864641,0.118221831940497,-0.12865598462584,-0.0240182139746123,-0.0926111417453242,0.011065404398725,0.141123980184761,0.0452266233789752,-0.0605532354551049,-0.0208840139861868,0.00853500524368423,-0.0388721237696309,-0.353689691024588,-0.162096986371274,-0.147916480379755,-0.210856524595234,-0.4162207902612,-0.223897585437083,-0.277173965674093,-0.19858044935079,-0.54446981172448,-0.195370957653054,-0.382154829858958,1,-0.834424927500289,-0.15429965982632,-0.0104996758086887,-0.00401981547780491,0.0151472704324812,-0.0974555471704184,0.0103028627737785,0.137105573095969,-0.261552065470484,-0.0980036013908327,-0.117387945371773,-0.103899041020323,0.324054931969749,0.515222829685303,0.407138399974759,-0.127965466117264,NA,-0.0293736360341188,0.501832558400724
"richness_landscape",0.211533536012155,-0.232061659029203,-0.182273190529495,-0.103377943767346,0.159940340753753,0.172572256061465,0.202609466733507,0.139368121830333,0.0714451422608158,-0.0216828309582149,0.0261800290658882,-0.244741751495718,0.253052378206075,0.13787050933291,NA,-0.0935174480494999,0.0392092155590434,-0.0826804108020336,-0.0159305584254499,0.167415656608465,0.00563588684101094,-0.0336500219670842,-0.0336988757264107,0.0301736401456247,NA,-0.0429163279577246,-0.110481645022218,0.161586152643654,-0.042426317899117,0.193473737473898,-0.152949568780066,-0.132954932410768,-0.0178936602681993,0.0787475286600868,-0.0954863184718066,0.0168800249470156,-0.248086767644358,-0.21017802435955,-0.110481645022218,-0.0741861391924949,-0.109427202791691,-0.0285037185219224,0.463213926867186,0.272502524913148,0.260398296087005,0.264977006868279,0.486312166139846,0.2572160644907,0.260104357817929,0.24185501036207,0.721521055863245,0.264774743934278,0.271346367950049,-0.834424927500289,1,0.241121788691048,0.160298595034514,0.151712801087745,0.132332790751758,0.214832772417119,0.129263036108791,0.0122298943949006,0.242157292245832,-0.0657302961537862,-0.0731086743751017,-0.0496608242592843,-0.315911652035659,-0.296022392387674,-0.2708483567843,-0.0179461813567868,NA,-0.0602479378555615,-0.324278132536595
"avg_temp",0.655712403067464,0.321878499345623,0.214669742542098,0.100688501388535,0.0770104427365085,-0.0478204115971517,0.0791347969308402,0.112657353432766,0.408630680574098,0.0953608870134559,0.0329709951362559,0.324781443634737,0.207385825703521,-0.0841478623367267,NA,0.387331798545839,0.48568623769663,0.185380479493883,0.468791211397356,0.121066943205711,-0.0487317888957611,0.404508471944044,0.439684207697924,0.413187469806275,NA,0.39085668181526,-0.0158899187443426,0.355680483861142,0.427245825534612,0.481376815026804,0.426984108441731,0.305090711926852,0.370094242821345,0.416930090931832,0.237753597488428,0.299266156565504,0.337319913498178,0.385420331781662,-0.0158899187443426,0.365197894529864,0.352053297444717,0.327236316263729,-0.100191583813484,0.125328481478275,0.132504571755465,0.0236413889105839,-0.0851442476205878,-0.049791411710789,-0.170456305106121,-0.0203758810816787,0.0587189679718223,0.228299102590013,-0.0675528605978223,-0.15429965982632,0.241121788691048,1,0.932274386397402,0.948927219912023,0.935190624310865,0.744336699830512,0.672261051479573,-0.487456848101848,0.446219862556304,-0.0320709249071064,-0.160251237309515,-0.075714968835141,-0.742051753748847,-0.606129451937822,-0.758886269742003,-0.267984321698009,NA,0.000202175658823572,0.506471174692508
"avgTempAll",0.711747785759279,0.127243258422741,0.132166698531717,0.206044675654386,-0.0596849864255308,0.0706108084521915,0.157520084278675,0.119962107549001,0.32021590600144,0.186224805885433,0.125905673633021,0.165624487573062,0.206987909118353,0.0706665605724863,NA,0.295197029093516,0.319857147626515,-0.0263806077643394,0.300617199332343,0.204607062002991,-0.0723521318165192,0.174063496223635,0.233454223383208,0.337705551851082,NA,0.159420149604628,-0.159795544048013,0.314640703439324,0.29436253297806,0.336264694693999,0.38381783901378,0.267549236769745,0.118000551584059,0.366992048133771,0.0561892415686484,0.252884273367605,0.335844905472266,0.341423902426967,-0.159795544048013,0.356959981748922,0.328932880698599,0.345910242269011,-0.119503311389498,0.217935736652847,0.210748258256226,0.168651242804581,-0.0200855774338043,0.0361455376715782,-0.107817911484795,0.0751877903307753,0.0118722467050517,0.323992525791168,0.00460124115368226,-0.0104996758086887,0.160298595034514,0.932274386397402,1,0.984826669747506,0.994431283514525,0.804594157294405,0.774509102007751,-0.424176014179202,0.407139106090551,-0.174728928906642,-0.233352105683307,-0.17697964034325,-0.701388963435807,-0.51068648287447,-0.683583868151278,-0.287585171459797,NA,-0.013163619617485,0.619475816172219
"avgTempNight",0.723074661314179,0.199637446175167,0.171223067437467,0.221798456354368,-0.0403860432746386,0.0289077859946543,0.106176233242247,0.113074531458595,0.328016603064957,0.142065605854944,0.0682849883182873,0.235697128074492,0.139740418236752,-0.0357525828819935,NA,0.332680593607717,0.396145446142332,0.0571962776615183,0.37832641765315,0.167035087653074,-0.0863657011206614,0.242782744768488,0.31458657213342,0.366755228478751,NA,0.227134006546909,-0.11853665653864,0.35070097953954,0.364430355294474,0.388047339854393,0.429172065354107,0.286130578165004,0.186794436860255,0.381478149190013,0.117762892840834,0.288602664846692,0.357291740154801,0.382562645357502,-0.11853665653864,0.398874661740055,0.372522380919965,0.374330997874153,-0.124211143109204,0.184298001508009,0.189719326742955,0.0626653711310567,-0.123761836317147,-0.0106143494175019,-0.174744642401306,0.0325727802946671,-0.0125872771453582,0.299792314661155,-0.103969282901027,-0.00401981547780491,0.151712801087745,0.948927219912023,0.984826669747506,1,0.991146489875699,0.823798847435214,0.681669335602314,-0.404113008851011,0.450525831570147,-0.168751024305848,-0.243163834643266,-0.185555462393079,-0.69710787681935,-0.508787856309275,-0.68735959283639,-0.269177795235871,NA,0.0119012194556754,0.60475042197923
"medTemp",0.728927619512733,0.182101131087932,0.13136316868224,0.21891888173404,-0.0588731667377833,0.036430876695509,0.129762014630338,0.106760875838832,0.340992017780284,0.168011048349618,0.0989019088759474,0.21289288469098,0.179121021774603,0.0251836876728216,NA,0.319159774789201,0.372858407508847,0.0362935510421779,0.35452318657868,0.172040788588986,-0.0838518517103688,0.204124985231414,0.285864541269651,0.360638217609281,NA,0.188348387876581,-0.176424258661827,0.343358466406601,0.345108199740156,0.379483777822707,0.408491103754392,0.281488341388018,0.145901560138176,0.387755907800095,0.0792245777708427,0.291093622030778,0.363027878363612,0.365423974270134,-0.176424258661827,0.383625644168086,0.369309227827439,0.34835347427186,-0.158894203445313,0.179769048087306,0.176810687651691,0.113955456953845,-0.0461932895888638,-0.00222087656197398,-0.14525307995743,0.0376435654900306,-0.0294977716127891,0.292192072155361,-0.0337502381341058,0.0151472704324812,0.132332790751758,0.935190624310865,0.994431283514525,0.991146489875699,1,0.778148695686873,0.751743187605995,-0.451163597331881,0.411367299046938,-0.206014159876867,-0.254143735382105,-0.207510387485884,-0.715794783096107,-0.517120105209812,-0.694981878032231,-0.31839161526081,NA,-0.040063094504169,0.641055254660246
"minTemp",0.63780365040829,-0.0419501871963972,0.293287496573307,0.191777461857987,-0.0356543783705958,0.18616320951716,0.280143755410508,0.140101057324135,0.208944691904188,0.182584621790609,0.149070853313047,0.0553575678123792,0.189914033024269,0.0810995014962571,NA,0.284916168191802,0.133632332321129,-0.193901286667704,0.119895587838241,0.223431916657541,-0.176950494026033,0.0574604171797665,0.0458434013998449,0.26478460442103,NA,0.0431983175805144,-0.0373078725808602,0.276291835424133,0.105337554248941,0.0907257786517637,0.334825126213891,0.254497083512972,0.00459202360007855,0.176096085550662,0.0137495501595681,0.0888504914204382,0.265702052646186,0.25796035084685,-0.0373078725808602,0.279398269566412,0.161065556256891,0.397662419883079,0.0579402446426185,0.354808088739855,0.362989542039548,0.162738778299794,-0.177316385777543,0.148953843100964,-0.0878080174655402,0.204306893433776,0.136208404557393,0.439265753531589,-0.177965460543832,-0.0974555471704184,0.214832772417119,0.744336699830512,0.804594157294405,0.823798847435214,0.778148695686873,1,0.38694249181947,-0.0833311705528427,0.508823974502201,-0.0869232261814054,-0.165488265381107,-0.101042512742604,-0.526075296817721,-0.426456646096727,-0.557102224530489,0.0147174743086257,NA,0.256647833985786,0.286820021126496
"maxTemp",0.466925399539892,-0.0291093602096834,-0.0727708246767734,0.0670323138104304,-0.0561271826635522,0.0945388032890771,0.169563480400856,0.0925422666176144,0.242536476857615,0.103194838961834,0.0869129921365858,-0.0270956939610181,0.304848089498346,0.197842170080866,NA,0.0897805851227532,0.127563067491904,-0.139103274714363,0.0994215629600811,0.209242214494027,0.0820318380715248,0.0368074699197857,0.0791324821731422,0.241634639956129,NA,0.0250086169994884,-0.237880731942103,0.227278384280924,0.106215875742952,0.252045485450565,0.150392866955353,0.144777760671417,0.0026456775647548,0.273682445217644,-0.103624719112699,0.222720081410499,0.169022187394203,0.130541771646965,-0.237880731942103,0.149177304412492,0.144168369815249,0.145811646346717,-0.147754170283168,0.114615563416401,0.0745273198608419,0.330651774107021,0.347579632189592,0.0656858984993484,0.0615515664523666,0.0675670517660046,0.0188975980380377,0.166468443392705,0.303626193960872,0.0103028627737785,0.129263036108791,0.672261051479573,0.774509102007751,0.681669335602314,0.751743187605995,0.38694249181947,1,-0.581326454374214,0.0201426721299963,-0.133068093386538,-0.118258315248314,-0.0892247221561407,-0.543716390193929,-0.305504813198529,-0.447202932010678,-0.4101258319634,NA,-0.27998705354728,0.600766501349933
"avg_spl_low",-0.211463118590395,-0.492794398949506,-0.141655463703871,-0.307911590715096,-0.0724424633139625,0.439315417364438,-0.0298437061207272,-0.203767519426487,-0.585431110211488,-0.169396844911888,-0.0717439470752148,-0.486225924686315,-0.252455193735091,0.133754090219587,NA,-0.330448673590354,-0.512955503540682,-0.458875101903285,-0.520431670146928,0.267627016503349,-0.136125462776687,-0.383014734691589,-0.497358111577208,-0.563350460040573,NA,-0.378553369653177,0.151675733117317,-0.182865482837509,-0.478193365615954,-0.375294884215143,-0.391494917633398,-0.188545644434111,-0.354201515714506,-0.35889060903151,-0.242256652355565,-0.29457173883974,-0.378198920729672,-0.408080852471172,0.151675733117317,-0.309053163215593,-0.389772887272225,-0.139414602897329,0.319001070148625,0.220370347637905,0.191661182021757,0.198394447651573,-0.182556988888512,0.46193195156618,0.318529280683032,0.482110698820677,0.224710675801543,0.17882488389477,-0.197655133136343,0.137105573095969,0.0122298943949006,-0.487456848101848,-0.424176014179202,-0.404113008851011,-0.451163597331881,-0.0833311705528427,-0.581326454374214,1,0.234157312309519,0.208754371630803,0.125084356691023,0.187184842682565,0.529782307065275,0.613580657381062,0.631071618240789,0.452628336554028,NA,0.437861086053447,-0.492400307121779
"avg_spl_high",0.556571602272059,0.144102203249676,0.263290149006473,0.101825608105057,0.354406660656549,0.462169598013599,0.0911946895244905,-0.364867019773773,0.400558717281329,0.328616005596202,0.320602831282042,0.18786077881005,0.325353143780648,0.141624538837877,NA,0.538089355834913,0.275670760406211,0.128303223041034,0.275977722348403,0.423359845855974,-0.43401869720277,0.202520816114565,0.279214374322069,0.138845393915723,NA,0.195852727600313,0.0610031671657307,0.174519090877496,0.347125799526609,0.194883171060572,0.283635670329608,0.0263865392282075,0.183737286029674,-0.090199688084993,0.302762512119541,-0.044637681631982,0.0804656435779932,0.198939264727054,0.0610031671657307,0.200008010908644,0.10994238149027,0.297251383352186,0.0769725096374945,0.235367254799067,0.197043068519253,0.233161869279071,-0.191831483082148,0.529687551745004,0.354617349255489,0.553802452175178,0.0485240351437599,0.386608776825956,-0.0669400834135957,-0.261552065470484,0.242157292245832,0.446219862556304,0.407139106090551,0.450525831570147,0.411367299046938,0.508823974502201,0.0201426721299963,0.234157312309519,1,0.262686838758178,0.169647533645295,0.237369913323673,-0.527899760582067,-0.241795790770711,-0.390325987080144,0.0894620514172842,NA,0.473200109028017,-0.171910549053384
"TFPercentPresenceNight",-0.398035279050654,0.172944615185326,0.173278031964881,-0.132638849663078,0.459568670876464,0.391507911115412,-0.115813883596086,-0.118358176591358,0.260416195299468,0.12707188019349,0.140637335477353,0.154557393541691,0.309011857548652,0.00511035981271227,NA,0.380383812486355,-0.0458297049667945,0.201895451280642,-0.0116839939499601,0.341147242571024,0.047233347663217,0.352748318550849,0.108404926674234,-0.0744483065916535,NA,0.369794143018739,0.436521745706619,-0.222923685473193,-0.0275090431060308,-0.0675256645047172,-0.0091185359624184,0.0230934582994466,0.412976501455421,-0.262117111779061,0.350996598009019,-0.112693254753505,-0.0519841348709973,0.0459305156886229,0.436521745706619,0.038030468843157,-0.0632854799482143,0.170611698638012,-0.0286347516180615,0.203874549792275,0.179247129457479,0.207715659961499,-0.235316314072806,0.474658206355251,0.431807438080491,0.451179735088187,0.020846630068507,0.290227737785415,-0.0660253899694036,-0.0980036013908327,-0.0657302961537862,-0.0320709249071064,-0.174728928906642,-0.168751024305848,-0.206014159876867,-0.0869232261814054,-0.133068093386538,0.208754371630803,0.262686838758178,1,0.883107976110654,0.960606378848805,0.0896256239723752,0.257988741450077,0.217710322451728,0.565935390770246,NA,0.627437877527799,-0.37706465426113
"TFAvgPresentNight",-0.516526927771653,0.222438950186889,0.112760903830125,0.0137164881549805,0.444550027939322,0.461001871629986,-0.1333597308813,-0.13892441480983,0.367144793413535,0.176783621553062,0.159021049063838,0.208053773190218,0.349355153842108,0.0653962922570844,NA,0.474392477063101,-0.0546431890311946,0.247193081381705,-0.0137319011395644,0.273216685620986,0.165274921656362,0.305376112602337,0.0629583921052723,-0.00978305912373346,NA,0.318533670114212,0.153126092101905,-0.162082623655931,-0.0651490815402187,-0.00391148730301164,0.0596194830263945,0.152162625748693,0.340592346260096,-0.287594789154608,0.207590925087682,0.040294169800815,0.155480655445291,0.128922222748194,0.153126092101905,0.178195361380834,0.0607406247676738,0.311170284580634,-0.100171191051244,0.197141328906955,0.168486878730215,0.243124612396969,-0.0560341517635252,0.532088901277271,0.538413374229032,0.493177933931333,-0.0760592165655214,0.34607792024698,-0.0149502003690098,-0.117387945371773,-0.0731086743751017,-0.160251237309515,-0.233352105683307,-0.243163834643266,-0.254143735382105,-0.165488265381107,-0.118258315248314,0.125084356691023,0.169647533645295,0.883107976110654,1,0.9686188360902,0.0645083591175597,0.289077397190804,0.265963486218355,0.601340774206844,NA,0.568487812933739,-0.339812968485522
"TFMaxRate",-0.452762472520003,0.198982563753876,0.164997824674486,-0.0795962573908412,0.455392659128538,0.464414681577935,-0.125747104565747,-0.128890991228106,0.32026944753578,0.15179580301272,0.147401967063993,0.183318383187724,0.338951215387088,0.0378864869841604,NA,0.45131598405823,-0.0438012382166803,0.213125415179058,-0.00768660604311112,0.332210955861259,0.0984886266861169,0.341504450193292,0.0911011733787953,-0.0217956694073935,NA,0.355850767197188,0.288447922020655,-0.175380862579325,-0.0483169056925622,-0.0113593237956781,0.0403695871170544,0.135033008968355,0.387256842686738,-0.266296242868306,0.282175659124932,-0.0197784327691341,0.082354759358595,0.10187583872838,0.288447922020655,0.136446018988079,0.00987903044120077,0.289128939040058,-0.037205975676469,0.206771149728643,0.17818340989126,0.240454098240904,-0.127761871097011,0.540859536587109,0.530189877371183,0.503888557704397,-0.0166580059051432,0.341489209248556,-0.025933479983066,-0.103899041020323,-0.0496608242592843,-0.075714968835141,-0.17697964034325,-0.185555462393079,-0.207510387485884,-0.101042512742604,-0.0892247221561407,0.187184842682565,0.237369913323673,0.960606378848805,0.9686188360902,1,0.0607017280881764,0.300025548088934,0.258108595859797,0.59058818616351,NA,0.615537314116266,-0.34269948399344
"PerchPercentPresenceNight",-0.663787693003757,-0.295378840463031,-0.250848097452193,-0.207958511682698,-0.222672977864936,-0.0838288136522737,-0.255291478222668,-0.105710866207196,-0.667115884555632,-0.425495620140398,-0.38907451109983,-0.328055204227304,-0.545387257574044,-0.211963681860889,NA,-0.54658478740784,-0.435413308188487,-0.257999625616171,-0.427038888425419,-0.0397205916390374,0.17414444981693,-0.263594926844276,-0.391559379042624,-0.487607024597679,NA,-0.252583148778998,0.165050136973691,-0.271622650951894,-0.428427863617502,-0.312414670612799,-0.388325514623444,-0.173734666465589,-0.226089917474311,-0.305102514247413,-0.241107349038886,-0.109510417816888,-0.300203581843175,-0.320980140945846,0.165050136973691,-0.381424830550177,-0.375562420118875,-0.331371630421998,0.120878530277762,-0.255758541510288,-0.244857712155467,-0.246238244110161,-0.140695277504736,-0.142087254845463,-0.114713855637952,-0.146127035535559,-0.0274636909852228,-0.387746716474367,-0.21317410329233,0.324054931969749,-0.315911652035659,-0.742051753748847,-0.701388963435807,-0.69710787681935,-0.715794783096107,-0.526075296817721,-0.543716390193929,0.529782307065275,-0.527899760582067,0.0896256239723752,0.0645083591175597,0.0607017280881764,1,0.670364834504443,0.841188591449549,0.427305785573375,NA,0.0237050285124312,-0.34574241387538
"PerchAvgPresentNight",-0.495303394887522,-0.308977024627819,-0.247676158457747,-0.204551514525091,-0.0472125307365376,0.252101414712336,-0.152727756552366,-0.11632628297076,-0.520287265307588,-0.300580632147084,-0.249245252620216,-0.33807855460358,-0.319036599038753,-0.0682718220014409,NA,-0.314285484980437,-0.418468900144585,-0.266766375296575,-0.413065023550762,0.0911428889497714,0.103409847233471,-0.211341516090348,-0.362273637272493,-0.450164356464371,NA,-0.20266946374163,0.124790261929479,-0.214853022720219,-0.446480589475887,-0.222806280941976,-0.354529411605866,-0.104922919240492,-0.176638755163059,-0.292002195528898,-0.237962477167943,-0.0311815999215428,-0.229520842228422,-0.287201436382395,0.124790261929479,-0.293826024027535,-0.357007448978918,-0.151698530356447,0.129406599677905,-0.0129819926304055,-0.0232645091378612,0.00148401259278503,-0.135052817041841,0.216852183039923,0.181697531354318,0.208256672744674,-0.0515112195911601,-0.0702270549988806,-0.279241451147243,0.515222829685303,-0.296022392387674,-0.606129451937822,-0.51068648287447,-0.508787856309275,-0.517120105209812,-0.426456646096727,-0.305504813198529,0.613580657381062,-0.241795790770711,0.257988741450077,0.289077397190804,0.300025548088934,0.670364834504443,1,0.945215908594834,0.304640182136033,NA,0.213919071695058,-0.133471006253571
"PerchMaxRate",-0.652583136760936,-0.318786620022219,-0.261243293224716,-0.223411739402629,-0.0907681854242559,0.15740890485827,-0.213479595142152,-0.125151867891817,-0.600642815287624,-0.346692708890033,-0.290498543583952,-0.352012103246453,-0.405535499844211,-0.110625009326063,NA,-0.412072396245785,-0.463343105395731,-0.25682086957537,-0.453758918463337,0.0501905517585888,0.148488910598365,-0.250600857804072,-0.39452478252192,-0.481850992676082,NA,-0.238811863656094,0.153447637711069,-0.282364809998556,-0.475417014607019,-0.285237799154325,-0.405442343459173,-0.160114431772529,-0.208998802710602,-0.336291308514602,-0.251587445196463,-0.101207805669807,-0.285268976314003,-0.332345457406202,0.153447637711069,-0.338964825860063,-0.38564680227962,-0.21751834905222,0.130193981995715,-0.12137461618825,-0.127614276410286,-0.0766427238028553,-0.0568565989215044,0.117997291425874,0.140468145294442,0.0997595646435145,-0.00279513191399311,-0.201301470338664,-0.193143812431032,0.407138399974759,-0.2708483567843,-0.758886269742003,-0.683583868151278,-0.68735959283639,-0.694981878032231,-0.557102224530489,-0.447202932010678,0.631071618240789,-0.390325987080144,0.217710322451728,0.265963486218355,0.258108595859797,0.841188591449549,0.945215908594834,1,0.367219960671543,NA,0.138854473528594,-0.285700051565244
"BoatMaxRateAll",-0.483059854623133,-0.130109515075086,-0.101940228235008,-0.212621837568011,-0.0202549120656349,0.367835168824092,0.0163273615704666,0.00740374401902571,-0.00717680758327152,-0.0264390561775671,0.0636427787875586,-0.163140451117978,0.109961269036775,0.163589563601402,NA,0.0269206301448087,-0.249887906454067,-0.165883104614234,-0.253347877384228,0.190295246401322,0.15516847407152,0.0358934748597251,-0.209096229836618,-0.207728160538949,NA,0.0406629689183535,0.277452561054887,-0.0799247941321012,-0.313856919735966,-0.0630360896082229,-0.182930189205077,0.202905883970028,0.0664622108117673,-0.184579173378403,-0.105710018369693,0.169414599173941,-0.00734770340735193,-0.103039030105079,0.277452561054887,-0.126138306889331,-0.255847508011919,0.0629619623192322,0.153278595190431,0.253740204173038,0.243316896130458,0.174733908779668,-0.128717910303349,0.363532484018631,0.219945175634865,0.388326886168651,0.227495199721354,0.252215055052415,-0.21172421652966,-0.127965466117264,-0.0179461813567868,-0.267984321698009,-0.287585171459797,-0.269177795235871,-0.31839161526081,0.0147174743086257,-0.4101258319634,0.452628336554028,0.0894620514172842,0.565935390770246,0.601340774206844,0.59058818616351,0.427305785573375,0.304640182136033,0.367219960671543,1,NA,0.769985253256766,-0.520209046361084
"BoatAvgPresent",NA,NA,NA,NA,NA,NA,NA,NA,NA,NA,NA,NA,NA,NA,NA,NA,NA,NA,NA,NA,NA,NA,NA,NA,NA,NA,NA,NA,NA,NA,NA,NA,NA,NA,NA,NA,NA,NA,NA,NA,NA,NA,NA,NA,NA,NA,NA,NA,NA,NA,NA,NA,NA,NA,NA,NA,NA,NA,NA,NA,NA,NA,NA,NA,NA,NA,NA,NA,NA,NA,1,NA,NA
"BoatPercentPresence",-0.181072196555317,-0.0157145915568,0.154888362422963,-0.0580927004922486,0.110106845564315,0.432188938040825,0.16648162585705,-0.111975694735939,0.222048173533078,0.342551035692165,0.414286309044364,0.00778566682738627,0.302626775442139,0.303069152096917,NA,0.330618508389306,-0.187435137032547,-0.0729614814545576,-0.166145888203707,0.213617912189433,0.0218370924356039,0.182904130693742,-0.102328646550953,-0.219808867065675,NA,0.194437035925325,0.443634982522843,-0.166482636887074,-0.203753749056367,-0.0970689109471067,0.0402844844584908,0.221648050674887,0.205928604108983,-0.273635255102471,0.140279392932286,0.00366034042730385,0.093663269627923,0.107150146643227,0.443634982522843,0.0476544534325258,-0.102077881285871,0.24046191988142,0.127576525960194,0.325859511414041,0.299796959155686,0.278174443840689,-0.245785544209345,0.455254857059791,0.239561009952465,0.499596104370423,0.15965989985494,0.395838961240642,-0.160406580516988,-0.0293736360341188,-0.0602479378555615,0.000202175658823572,-0.013163619617485,0.0119012194556754,-0.040063094504169,0.256647833985786,-0.27998705354728,0.437861086053447,0.473200109028017,0.627437877527799,0.568487812933739,0.615537314116266,0.0237050285124312,0.213919071695058,0.138854473528594,0.769985253256766,NA,1,-0.329520509813523
"nFiles",0.249341237326638,0.27479122964095,0.122859558218369,0.394961908894794,-0.23855756924109,-0.324678119256583,-0.173963321118213,0.273043800029521,0.120306625796447,0.133008268682382,-0.0221857892809722,0.31726145698975,-0.196300368278988,-0.161018075417336,NA,0.0999998471405694,0.313253379455429,0.115844204642807,0.318429087411614,-0.189737811173143,0.287871879532935,0.208656415001809,0.236336103388463,0.293135478484285,NA,0.203708483700531,-0.219865779734815,0.146692250667973,0.274869168362648,0.300110719712188,0.472220240448981,0.310808491101119,0.142743849459009,0.431180222944516,0.0674966476422646,0.277037298452859,0.489206132523486,0.503429679298288,-0.219865779734815,0.442850091381066,0.475405101861822,0.327568976309036,-0.175521820429086,-0.0543597866536555,-0.0132536396582148,-0.193366074711252,-0.215203701052956,-0.399543958725143,-0.365222369966352,-0.391352047186877,-0.394768525429097,0.0262650527237349,-0.0685921398462551,0.501832558400724,-0.324278132536595,0.506471174692508,0.619475816172219,0.60475042197923,0.641055254660246,0.286820021126496,0.600766501349933,-0.492400307121779,-0.171910549053384,-0.37706465426113,-0.339812968485522,-0.34269948399344,-0.34574241387538,-0.133471006253571,-0.285700051565244,-0.520209046361084,NA,-0.329520509813523,1
