spl_high,site
79.45034695,C7
81.31463185,C7
80.63509352,C7
81.74763499,C7
79.14892185,C7
81.39649746,C7
82.9491698,C7
79.50922494,C7
80.76084357,C7
83.59242527,C7
81.91301482,C7
88.07704014,C7
86.85085103,C7
86.73551627,C7
88.45086636,C7
85.97366292,C7
86.01146733,C7
80.35119602,C7
81.08025394,C7
82.16708894,C7
84.33867995,C7
86.30507313,C7
85.49988855,C7
82.58450667,C7
87.24764285,C7
91.17564282,C7
91.81099528,C7
93.61589044,C7
88.24300048,C7
89.92551108,C7
89.78271571,C7
90.59222649,C7
100.2341162,C7
85.66228232,C7
78.25339777,C7
78.63302972,C7
80.84313031,C7
82.47060198,C7
84.12506433,C7
89.81359788,C7
92.10728082,C7
88.83828865,C7
90.41373353,C7
89.03759044,C7
91.60820022,C7
88.30881162,C7
86.78079931,C7
88.46106032,C7
89.1806034,C7
86.24984706,C7
92.54076019,C7
85.15311343,C7
87.23672511,C7
87.65967732,C7
87.24802132,C7
88.97415888,C7
88.99470988,C7
90.92071107,C7
88.00716703,C7
89.45326339,C7
93.23034994,C7
95.43702967,C7
97.89223127,C7
92.77026234,C7
88.88785483,C7
91.32268671,C7
89.76563314,C7
92.24192203,C7
90.27213647,C7
89.78624282,C7
88.8423827,C7
89.02658126,C7
87.80794605,C7
89.60928016,C7
89.48097813,C7
92.6951343,C7
95.80200678,C7
93.45824992,C7
98.33486839,C7
92.64209615,C7
91.04646494,C7
85.50220739,S10
85.55082231,S10
86.27818431,S10
85.54187259,S10
87.42507628,S10
87.10807487,S10
86.37940418,S10
86.099467,S10
86.30366005,S10
86.15963016,S10
88.14289143,S10
90.48305211,S10
89.20347344,S10
88.54856709,S10
87.52530669,S10
87.65460993,S10
86.90899306,S10
85.40578763,S10
83.24732446,S10
83.69956971,S10
84.50245388,S10
84.75241613,S10
84.06458559,S10
84.66212157,S10
87.21551428,S10
88.62505758,S10
89.32825588,S10
88.37644548,S10
87.36814472,S10
87.79464624,S10
87.13936774,S10
87.54710361,S10
86.93991572,S10
85.99877008,S10
80.45797239,S10
83.36228862,S10
82.6227297,S10
82.77536316,S10
93.42904558,S10
86.78803531,S10
89.15794937,S10
88.00026556,S10
88.17225387,S10
88.56317832,S10
88.40540324,S10
88.9172873,S10
86.52903698,S10
86.8925282,S10
85.9179564,S10
85.39009887,S10
84.82095037,S10
83.49383544,S10
86.30824048,S10
87.00678715,S10
87.56982422,S10
88.67312836,S10
88.11330111,S10
87.60498158,S10
87.99133284,S10
87.70294274,S10
87.47373473,S10
88.38405632,S10
87.72248604,S10
87.46410585,S10
85.66473576,S10
86.60416946,S10
85.84487395,S10
85.26610533,S10
85.68332168,S10
86.61407641,S10
87.39831774,S10
87.06897173,S10
88.94286245,S10
87.42222309,S10
88.62775246,S10
87.59045325,S10
87.63314172,S10
86.41426743,S10
87.0623928,S10
87.85687532,S10
86.61648446,S10
87.6373848,S12
84.67673126,S12
88.36139187,S12
84.45631482,S12
83.49365748,S12
85.85017583,S12
89.54314929,S12
85.8358688,S12
90.91831452,S12
87.03471482,S12
88.53221818,S12
94.3264148,S12
91.54710162,S12
93.14833046,S12
92.25059249,S12
89.62112421,S12
91.1268923,S12
84.55621071,S12
85.19611938,S12
86.2275473,S12
86.9686076,S12
88.51861075,S12
89.8819446,S12
86.94377022,S12
91.10437361,S12
95.80350692,S12
90.23322657,S12
94.99610907,S12
93.71640287,S12
89.81070047,S12
89.1030918,S12
92.9381425,S12
90.96531934,S12
90.49004438,S12
81.76207412,S12
82.20475121,S12
82.6454581,S12
86.49942484,S12
87.38949404,S12
89.76936907,S12
89.58719902,S12
89.06281085,S12
89.46184518,S12
90.98990609,S12
87.55771632,S12
87.42502722,S12
88.92309133,S12
88.42571848,S12
88.32097203,S12
85.73348638,S12
86.99160372,S12
86.11147637,S12
90.50642701,S12
88.37063052,S12
90.37365693,S12
92.95110029,S12
93.03163351,S12
93.27211875,S12
87.48133583,S12
89.26715967,S12
89.08842352,S12
87.95960539,S12
87.58376626,S12
88.99921901,S12
90.40002928,S12
88.54297697,S12
86.82206414,S12
91.27122064,S12
90.10296681,S12
92.08442408,S12
89.11826101,S12
88.27704451,S12
89.9909301,S12
91.32761033,S12
92.65032595,S12
91.76614773,S12
91.50091619,S12
91.14710023,S12
87.89688204,S12
89.11085007,S12
89.89961953,S12
88.96342697,M2
90.27724251,M2
89.31498647,M2
89.88778857,M2
89.52985373,M2
89.76038845,M2
89.86970113,M2
92.57788032,M2
90.05332933,M2
91.31714143,M2
92.05765609,M2
94.63602096,M2
93.8875889,M2
93.99149728,M2
93.19328971,M2
92.87348645,M2
92.9268339,M2
91.36630528,M2
89.18820235,M2
89.92987286,M2
89.73797713,M2
89.8077295,M2
91.28676133,M2
91.7113631,M2
93.07764668,M2
93.83582569,M2
94.3524298,M2
94.56465768,M2
93.8257177,M2
94.18058607,M2
92.90132342,M2
92.85364249,M2
93.38517665,M2
92.28945176,M2
88.70576908,M2
89.88903816,M2
88.65680298,M2
93.63197342,M2
93.23249399,M2
94.98766219,M2
95.90382613,M2
101.829392,M2
95.19924507,M2
95.0525632,M2
94.80690134,M2
94.26762331,M2
94.0346075,M2
93.96939825,M2
93.80444992,M2
92.13281651,M2
92.34426449,M2
88.5067345,M2
90.55674111,M2
92.98062193,M2
93.82338019,M2
94.89205927,M2
94.72229558,M2
94.2839054,M2
94.41379284,M2
94.60429579,M2
94.40026731,M2
94.08262402,M2
94.15646183,M2
94.06298417,M2
93.48278951,M2
93.53447857,M2
93.00747003,M2
91.47388161,M2
92.54909172,M2
91.89624149,M2
92.74812243,M2
93.94668766,M2
93.28114973,M2
93.47005889,M2
93.24022628,M2
93.46913641,M2
93.4014926,M2
93.24780947,M2
93.25884974,M2
92.96431422,M2
92.86678631,M2
105.6743696,C2
108.4987893,C2
108.5039663,C2
107.9716868,C2
108.7899494,C2
108.2531115,C2
106.8290553,C2
106.7384119,C2
108.7043986,C2
107.8915509,C2
108.8178246,C2
110.4609364,C2
107.9483917,C2
108.6357401,C2
108.8093183,C2
108.5594677,C2
109.1758182,C2
109.4883298,C2
106.9808253,C2
108.7094074,C2
107.593186,C2
107.1346963,C2
107.2360692,C2
107.6926778,C2
107.9965316,C2
109.1893782,C2
109.8214722,C2
108.7075799,C2
111.2624275,C2
110.4663418,C2
110.0772443,C2
109.7632492,C2
110.1988975,C2
110.9896708,C2
108.9088059,C2
109.8080282,C2
109.5598848,C2
108.845917,C2
108.024405,C2
107.85511,C2
108.625724,C2
108.6843979,C2
108.4803125,C2
108.9424862,C2
109.4277877,C2
109.1349404,C2
108.1108828,C2
109.8542482,C2
112.0324657,C2
111.061739,C2
110.7826924,C2
109.1738512,C2
110.6958942,C2
109.4481344,C2
107.3934341,C2
107.2623789,C2
109.5344947,C2
110.3569685,C2
109.868915,C2
109.5326727,C2
109.162322,C2
110.2375538,C2
109.3707061,C2
110.3182912,C2
109.4806759,C2
111.4075663,C2
111.087823,C2
109.9408724,C2
83.68716721,S2
84.32246668,S2
85.05372653,S2
86.35359529,S2
89.77600002,S2
89.40953775,S2
91.89251033,S2
91.35401584,S2
95.11973589,S2
98.10493766,S2
101.6696653,S2
104.4373099,S2
104.5540568,S2
104.1295892,S2
103.2123637,S2
102.842197,S2
102.8124922,S2
86.80363192,S2
87.28620495,S2
88.75005943,S2
90.45446975,S2
92.1313427,S2
93.7331077,S2
95.68539079,S2
102.8574075,S2
104.684343,S2
104.7283675,S2
104.5241464,S2
103.7440969,S2
103.5472413,S2
104.670905,S2
103.3470279,S2
102.8215609,S2
102.3210816,S2
87.25126185,S2
87.90572021,S2
90.34474599,S2
95.285176,S2
100.3664534,S2
102.3231166,S2
105.183823,S2
105.04814,S2
103.7563267,S2
104.6318269,S2
103.4342861,S2
103.1378848,S2
102.6674552,S2
102.133879,S2
102.6278305,S2
103.0399785,S2
101.1804757,S2
99.95523297,S2
101.8815164,S2
102.089093,S2
104.3769745,S2
104.1278423,S2
105.2099064,S2
102.5306346,S2
104.813592,S2
104.7280746,S2
104.7665148,S2
104.9412464,S2
105.3794561,S2
104.8776918,S2
104.9381736,S2
105.9073917,S2
102.949758,S2
103.9172665,S2
105.0978817,S2
106.957993,S2
106.94953,S2
105.494602,S2
104.9056409,S2
105.9338463,S2
105.4548066,S2
105.2217857,S2
104.3022008,S2
106.5312815,S2
106.2462182,S2
94.13633882,S4
94.04138632,S4
93.99639057,S4
93.3254782,S4
93.94671833,S4
93.30774008,S4
94.15868353,S4
95.36958507,S4
96.57626869,S4
98.5184764,S4
101.7694688,S4
103.6251305,S4
102.3490877,S4
102.3835139,S4
101.4554095,S4
101.3167886,S4
101.1376083,S4
93.13551537,S4
94.54249492,S4
93.87831085,S4
95.03813352,S4
94.18922099,S4
95.03641877,S4
99.51316447,S4
101.9451178,S4
102.3075221,S4
103.0505994,S4
103.0991443,S4
102.6416983,S4
102.6826831,S4
102.7789876,S4
101.00178,S4
100.9305986,S4
101.9799668,S4
93.55775828,S4
94.43622368,S4
96.35834936,S4
98.35518275,S4
101.4273276,S4
102.8549537,S4
102.5017148,S4
103.5379653,S4
101.974804,S4
102.7728695,S4
102.0701128,S4
102.8306981,S4
102.4308556,S4
101.6587161,S4
101.0164118,S4
101.6340572,S4
102.1649002,S4
100.1675514,S4
102.187355,S4
106.8031819,S4
103.5669884,S4
103.9129532,S4
103.4227473,S4
103.4729325,S4
102.1263265,S4
101.1013415,S4
103.1472394,S4
102.6798093,S4
102.8404694,S4
102.482017,S4
103.1493912,S4
89.49979705,M1
91.19996597,M1
92.29341188,M1
92.79449658,M1
92.86033934,M1
91.8308506,M1
90.92347803,M1
89.86453903,M1
90.28137869,M1
90.75681108,M1
90.31418963,M1
90.43082274,M1
90.32944897,M1
89.70652372,M1
89.27422329,M1
88.51640451,M1
90.62653665,M1
92.76428446,M1
93.1897333,M1
92.3665802,M1
92.62968362,M1
91.86950381,M1
91.80320074,M1
91.17683141,M1
92.25164023,M1
91.33593095,M1
92.04625162,M1
92.18461274,M1
91.63100635,M1
91.53192165,M1
91.42933034,M1
90.78211981,M1
90.73143318,M1
90.36877752,M1
92.7929733,M1
93.05015876,M1
91.62148605,M1
91.28619816,M1
93.12234528,M1
92.24353951,M1
91.92362925,M1
90.96883678,M1
92.2060658,M1
91.51272155,M1
91.10247839,M1
91.41572793,M1
89.47619777,M1
88.85837736,M1
90.12170542,M1
90.31035108,M1
90.501399,M1
91.18066555,M1
91.84665612,M1
97.17141933,M1
92.03661705,M1
92.2865297,M1
91.53618105,M1
91.6937579,M1
91.79991294,M1
92.08277889,M1
92.09139952,M1
92.08277624,M1
91.78492812,M1
91.53379833,M1
91.28706634,M1
91.49105579,M1
91.35299274,M1
92.27513653,M1
78.44597306,CB
78.86904343,CB
77.1411681,CB
79.62823943,CB
77.43710585,CB
79.26759478,CB
79.11219157,CB
78.77665331,CB
82.57517594,CB
75.75702726,CB
77.69004216,CB
81.20526247,CB
80.95544161,CB
80.65062622,CB
84.67080406,CB
81.50969435,CB
80.3522591,CB
84.44992422,CB
85.67545071,CB
81.46641366,CB
80.35193283,CB
82.39571542,CB
86.18275931,CB
82.27582797,CB
80.94617683,CB
80.66352418,CB
83.19599527,CB
81.12725673,CB
85.77204543,CB
83.09397393,CB
83.80410283,CB
85.23209651,CB
82.44331692,CB
85.13587658,CB
91.3037028,CB
85.02145628,CB
86.7250121,CB
85.01869239,CB
85.82175412,CB
87.85334551,CB
84.88554214,CB
87.30669756,CB
84.6869844,CB
80.60599806,CB
87.63917003,CB
82.01603734,CB
83.89788646,CB
81.1606886,CB
81.05850437,CB
79.25561059,CB
85.46985546,CB
88.35199664,CB
79.38814635,CB
82.14081072,CB
81.95159951,CB
87.22071285,CB
89.12724111,CB
85.66451555,CB
87.0840347,CB
84.35269594,CB
87.04824861,CB
88.2849878,CB
84.91140203,CB
82.75907299,CB
87.63721702,CB
83.08824971,CB
83.9301096,CB
92.9828786,CB
87.33179466,CB
80.68154817,CB
85.10774721,CB
81.78732133,CB
87.88109572,CB
80.31236933,CB
81.67604246,CB
86.28035433,CB
84.54161501,CB
86.68251228,CB
86.86517964,CB
85.39472219,CB
80.15071012,CB
87.73019503,CB
83.05920895,CB
82.07055546,CB
83.92863963,CB
85.66132427,CB
86.86072747,CB
85.84161868,CB
85.95240419,CB
84.39317602,CB
87.78657963,CB
93.22313232,CB
92.26019628,CB
88.16517431,CB
90.64509169,CB
86.53029629,CB
82.19870574,CB
91.17115646,CB
84.62492365,CB
82.71993153,CB
78.54116018,CB
84.36085322,CB
83.51417597,CB
80.58356382,CB
87.13062834,CB
82.47978513,CB
84.01663349,CB
85.12578571,CB
82.51222065,CB
89.95871017,CB
85.3835974,CB
85.54448964,CB
83.26372828,CB
81.9383247,CB
80.89911384,CB
85.12943201,CB
79.64697855,CB
80.8598983,CB
83.1622396,CB
80.68197144,CB
84.12591555,CB
80.78878032,CB
83.5066601,CB
85.29811,CB
82.52790305,CB
85.26457588,CB
83.29056165,CB
80.33526195,CB
83.10904415,CB
78.89313141,CB
80.51465009,CB
83.78173701,CB
81.48329145,CB
82.71154814,CB
81.40517018,CB
85.0282547,CB
87.43202898,CB
80.2207824,CB
81.74542841,CB
88.76797126,CB
84.4110569,CB
88.25210686,CB
83.46647671,CB
86.05017251,CB
92.98499926,CB
88.21670958,CB
86.57434444,CB
81.32122461,CB
86.33152833,CB
81.91544053,CB
81.27889858,CB
79.8280128,CB
79.56138028,CB
82.58948669,SB
83.9475109,SB
85.74750413,SB
86.73718077,SB
88.96261242,SB
88.58263352,SB
92.36303425,SB
95.35550656,SB
99.04700099,SB
99.91286506,SB
101.075007,SB
99.87715345,SB
100.6616892,SB
100.1393083,SB
101.3367933,SB
99.33960423,SB
100.993708,SB
90.76456437,SB
91.96295439,SB
92.74986384,SB
95.45054032,SB
97.45411464,SB
100.8004395,SB
99.96053522,SB
100.3184745,SB
100.3700354,SB
101.7888228,SB
99.56744213,SB
98.56795956,SB
99.75125391,SB
100.0361163,SB
100.3204914,SB
100.4586356,SB
99.4100433,SB
87.73863371,SB
92.94858018,SB
94.13558013,SB
95.42154769,SB
97.05819001,SB
98.2774201,SB
98.08204999,SB
97.01187781,SB
96.77115756,SB
98.91452307,SB
99.90629715,SB
100.4681564,SB
98.93870804,SB
98.96575649,SB
99.64010862,SB
98.58217469,SB
99.17637521,SB
98.18188926,SB
98.03233194,SB
98.83776217,SB
98.74599812,SB
99.54590686,SB
100.902777,SB
100.0649278,SB
100.4073882,SB
98.76580095,SB
100.2487866,SB
100.1365066,SB
100.4471481,SB
100.6857096,SB
100.2907543,SB
100.6763123,SB
99.00564258,SB
100.1676922,SB
98.6898785,SB
97.98660305,SB
98.02988865,SB
97.84434804,SB
99.10073885,SB
98.83050543,SB
99.65266814,SB
100.2526846,SB
99.47833424,SB
99.6223176,SB
99.91140919,SB
99.05553522,SB
100.1264833,SB
99.11077544,SB
100.1921022,SB
100.3667049,SB
99.98153705,SB
97.77210262,SB
99.14813427,SB
99.9769449,SB
100.10295,SB
99.6109533,SB
99.89532365,SB
98.7522406,SB
101.1952955,SB
100.1302175,SB
101.3137875,SB
100.5680277,SB
100.2224708,SB
101.2430904,SB
100.5379558,SB
99.0285309,SB
99.4869101,SB
99.76975448,SB
100.1139878,SB
99.27578001,SB
100.2817803,SB
102.6875018,SB
100.6355671,SB
100.3794785,SB
101.6526687,SB
100.1281168,SB
101.2224896,SB
100.1097532,SB
102.31192,SB
100.6370225,SB
101.0374331,SB
101.2219689,SB
101.0230796,SB
100.3475695,SB
101.1542721,SB
100.1529196,SB
100.3349208,SB
100.7438696,SB
99.97628564,SB
101.7227474,SB
101.2964356,SB
100.7259692,SB
100.7474637,SB
100.6341884,SB
101.0387606,SB
101.4591706,SB
101.532575,SB
101.2309263,SB
100.4500336,SB
101.0295779,SB
99.54931535,SB
101.4697248,SB
100.5131393,SB
101.0524123,SB
100.8514154,SB
101.0626079,SB
100.5783753,SB
101.7215519,SB
102.0978511,SB
102.151127,SB
100.9178826,SB
100.3640591,SB
102.2266281,SB
102.197629,SB
99.45954518,SB
100.4044383,SB
100.6423509,SB
99.76430729,SB
99.20410981,SB
83.15219155,SC
83.77015255,SC
82.60925346,SC
83.42029944,SC
85.96979542,SC
85.33709806,SC
87.9986865,SC
91.7317523,SC
95.65462722,SC
95.49389955,SC
97.49994299,SC
97.3216953,SC
97.38643097,SC
96.93194784,SC
99.08047567,SC
99.69488134,SC
97.32194853,SC
90.73160959,SC
92.27510658,SC
92.7037378,SC
97.18149516,SC
100.1225344,SC
99.80783898,SC
99.10459178,SC
98.67769451,SC
99.86729708,SC
99.09697383,SC
99.8742157,SC
99.49025069,SC
98.18316211,SC
99.87298275,SC
99.43315735,SC
98.81302895,SC
97.77499275,SC
91.03315087,SC
94.86304029,SC
96.74938952,SC
97.99533146,SC
98.81629606,SC
98.90796506,SC
99.14947124,SC
100.2749248,SC
99.26132941,SC
99.16635522,SC
99.12408813,SC
99.97126758,SC
99.21938468,SC
100.2236387,SC
98.07319869,SC
99.38322938,SC
98.55337885,SC
98.67363699,SC
98.97708729,SC
99.2399055,SC
100.8710608,SC
98.64358048,SC
100.1342569,SC
100.411843,SC
100.7459765,SC
100.837206,SC
100.4755254,SC
103.1752362,SC
104.5390779,SC
99.52841456,SC
101.0863534,SC
100.5656267,SC
100.9535717,SC
98.9945818,SC
98.5774987,SC
98.18556818,SC
98.81053478,SC
98.95531508,SC
99.92092609,SC
100.0705031,SC
100.2074713,SC
100.0404784,SC
101.0590253,SC
101.0195728,SC
102.2525961,SC
101.4386913,SC
99.8090921,SC
100.9189032,SC
101.5759115,SC
100.4368507,SC
99.9750325,SC
98.05714542,SC
100.0815582,SC
100.1470038,SC
99.42735719,SC
99.53422545,SC
99.87793072,SC
99.33314456,SC
102.0650694,SC
100.8607591,SC
99.98916492,SC
101.0379809,SC
101.0621499,SC
100.4529691,SC
100.3854972,SC
100.0779707,SC
100.6312149,SC
102.0034313,SC
102.6468919,SC
102.4230651,SC
100.510341,SC
102.0533335,SC
102.7610277,SC
102.0239505,SC
101.8963579,SC
102.1807687,SC
101.436749,SC
101.5707607,SC
101.2867121,SC
101.7762744,SC
101.1673222,SC
101.4019909,SC
102.2817204,SC
101.9053482,SC
100.4560927,SC
102.5811654,SC
100.8575554,SC
101.1665343,SC
101.1135264,SC
101.1800394,SC
101.6086271,SC
102.8508665,SC
102.8867469,SC
102.5075078,SC
103.3778849,SC
102.8506147,SC
101.7466627,SC
101.6493365,SC
101.815687,SC
102.7815966,SC
100.9046686,SC
101.3193136,SC
100.9542016,SC
101.3135283,SC
103.2665185,SC
102.7562926,SC
102.7198531,SC
102.1459772,SC
102.4830273,SC
103.9723347,SC
102.3154644,SC
102.9077207,SC
102.412578,SC
101.8332858,SC
102.1434732,SC
102.0185591,SC
101.5063434,SC
102.3466784,SC
103.4064209,SC
83.35783002,MA
82.83821702,MA
84.99579307,MA
81.23686999,MA
83.08561422,MA
84.71666583,MA
85.03148923,MA
82.80427953,MA
80.70475887,MA
82.60942522,MA
82.59764008,MA
85.30015804,MA
85.64167091,MA
90.59198476,MA
88.09832773,MA
86.49446067,MA
84.87122172,MA
87.52506454,MA
87.97267369,MA
87.23754124,MA
88.04881313,MA
87.6992113,MA
87.90986562,MA
88.33443093,MA
87.95535944,MA
87.11901648,MA
88.71796691,MA
89.26863471,MA
88.32228044,MA
86.63722655,MA
88.15919668,MA
86.23259696,MA
90.36216494,MA
91.53330277,MA
84.86371131,MA
82.66137045,MA
80.68748787,MA
82.81917502,MA
86.54701372,MA
86.55558044,MA
86.95864498,MA
83.7719099,MA
84.76953368,MA
85.02770958,MA
85.44824915,MA
85.77470503,MA
86.7223881,MA
88.55141288,MA
83.38328749,MA
82.33322197,MA
80.72677928,MA
87.95890834,MA
90.69454129,MA
89.58067164,MA
90.48439948,MA
89.64148867,MA
89.13094519,MA
87.4784657,MA
86.11775736,MA
85.45019556,MA
87.33315578,MA
86.5356203,MA
88.75495578,MA
89.810405,MA
88.11227645,MA
86.31024762,MA
88.08812087,MA
88.10941524,MA
88.86749011,MA
87.70072945,MA
87.16097139,MA
86.37660795,MA
84.51207129,MA
83.70824827,MA
84.57750066,MA
84.34033882,MA
83.45769492,MA
87.34788103,MA
85.15932894,MA
84.06585777,MA
83.86724592,MA
82.26258661,MA
82.78805735,MA
84.55434653,MA
83.4374009,MA
93.30954105,MA
92.29348677,MA
89.93426261,MA
87.89283522,MA
88.2909735,MA
88.33585087,MA
87.40422178,MA
84.50128351,MA
84.91427962,MA
84.98433412,MA
83.65343033,MA
84.61156371,MA
86.10618789,MA
84.04332176,MA
85.56594741,MA
84.27692485,MA
83.24723926,MA
86.38439194,MA
84.5655399,MA
84.23618348,MA
83.55989538,MA
81.97373794,MA
81.01846515,MA
80.71227132,MA
79.81494131,MA
80.68362276,MA
81.81636599,MA
81.95612925,MA
85.84883295,MA
84.73581747,MA
84.09295009,MA
81.0363943,MA
81.17341018,MA
81.48452298,MA
90.63687013,MA
89.31859821,MA
87.48508708,MA
86.9975337,MA
86.66458388,MA
85.53305304,MA
85.23422454,MA
86.90326505,MA
84.86746777,MA
85.59577369,MA
86.47474375,MA
86.56151464,MA
87.10502234,MA
89.26707399,MA
85.72034098,MA
87.04137517,MA
85.75950624,MA
87.14351157,MA
84.65390516,MA
84.71099477,MA
87.65682658,MA
82.80701424,MA
79.25783791,MA
80.5840366,MA
81.5573571,MA
81.29157713,MA
84.89007216,MA
85.83313657,MA
88.56401235,MA
86.20228682,MA
83.73907814,MA
84.83880241,MA
84.03561981,MA
82.29251376,MA
80.06104161,MA
80.35167355,MA
80.33027836,MA
79.37804375,MA
80.29686199,MA
81.0045529,MA
81.15857845,MA
81.12537962,MA
82.13574211,MA
84.04115884,MA
83.91911515,MA
83.1672881,MA
83.19269515,MA
81.42632773,MA
78.25560138,MA
79.22187473,MA
82.28756394,MA
82.91087298,C8
87.44218838,C8
86.99193942,C8
87.84370668,C8
89.060458,C8
88.9291656,C8
91.21243631,C8
90.59435758,C8
89.98709029,C8
90.56710438,C8
91.10616618,C8
88.97454645,C8
91.35653212,C8
89.96439886,C8
90.28947561,C8
90.07731589,C8
86.32571766,C8
86.65875149,C8
87.21956585,C8
93.39976973,C8
88.85795591,C8
89.74735433,C8
89.51298096,C8
93.04050706,C8
87.70675876,C8
89.12228971,C8
92.66820417,C8
89.57954782,C8
90.12297647,C8
89.03438683,C8
87.54607807,C8
91.48961444,C8
90.62675578,C8
90.98630436,C8
88.26532672,C8
90.24046476,C8
92.72132704,C8
92.65612558,C8
91.87531756,C8
92.72876074,C8
93.32102865,C8
94.14705105,C8
93.65869251,C8
92.69350842,C8
92.59798912,C8
91.65084029,C8
89.74168836,C8
89.59266626,C8
88.00878827,C8
91.63768592,C8
88.46960525,C8
87.44881771,C8
88.55473577,C8
87.2404343,C8
90.6854916,C8
89.59786109,C8
93.16818031,C8
89.3402639,C8
90.27268075,C8
87.31328756,C8
90.11897143,C8
88.56221197,C8
87.22019441,C8
91.60453159,C8
89.86846315,C8
89.52959354,C8
88.6343819,C8
90.25380252,C8
86.22720659,C8
88.92731934,C8
88.86537035,C8
88.47000475,C8
89.68276228,C8
89.19728778,C8
90.37459593,C8
90.61418186,C8
88.5602086,C8
89.45566616,C8
89.72651453,C8
90.66359802,C8
92.12804834,C8
89.64479463,C8
88.38883143,C8
90.80466217,C8
85.03250232,C8
86.31305734,C8
87.4974203,C8
86.46124031,C8
87.56745121,C8
90.04842152,C8
88.73934759,C8
89.13923504,C8
88.77700059,C8
88.50038503,C8
89.93692657,C8
91.21093257,C8
86.90952745,C8
89.32555062,C8
90.58169218,C8
89.59404537,C8
86.15327972,C8
87.22260732,C8
87.43646471,C8
87.64869748,C8
85.88723337,C8
88.09098331,C8
88.0917648,C8
88.78594267,C8
88.3810332,C8
88.68563588,C8
89.27985464,C8
88.56411449,C8
90.10591096,C8
91.7319748,C8
90.44482834,C8
88.3434786,C8
87.70338697,C8
87.82380321,C8
89.08597046,C8
90.45673812,C8
86.82192492,C8
89.54650096,C8
90.29204927,C8
90.803361,C8
86.93790275,C8
92.22135361,C8
88.9800519,C8
90.93544449,C8
88.88262935,C8
89.79922568,C8
88.28946275,C8
89.06574265,C8
89.62316083,C8
89.65121069,C8
90.68890284,C8
86.07785912,C8
94.30846137,S6
95.21681257,S6
95.44071422,S6
98.12755268,S6
102.0171075,S6
104.1511031,S6
104.217318,S6
104.9790169,S6
105.2790502,S6
105.1256204,S6
104.0242283,S6
104.2355255,S6
105.2962179,S6
104.414032,S6
105.2788145,S6
104.5330442,S6
103.9869459,S6
101.3431193,S6
102.2435713,S6
104.316048,S6
106.4171007,S6
103.4969126,S6
104.6451284,S6
103.8930691,S6
103.7422011,S6
105.1403393,S6
105.1282682,S6
103.3344264,S6
103.7258137,S6
103.7254928,S6
103.0514815,S6
104.6821926,S6
103.083739,S6
103.8464185,S6
104.0460518,S6
103.4758457,S6
104.4037132,S6
104.0818724,S6
104.322803,S6
104.3702423,S6
102.6111245,S6
104.8127993,S6
103.5998164,S6
103.2891567,S6
104.4408443,S6
103.9319453,S6
105.0599291,S6
103.9339098,S6
104.5507581,S6
104.4738191,S6
104.1139891,S6
104.0286538,S6
103.3962374,S6
104.1682444,S6
103.8989726,S6
103.5511996,S6
103.1597773,S6
104.3798839,S6
103.8398404,S6
104.5196518,S6
104.562369,S6
104.6515934,S6
103.9222059,S6
103.3704874,S6
104.3887518,S6
103.9246813,S6
103.2779328,S6
103.3741278,S6
103.3473266,S6
102.9860888,S6
104.2215609,S6
103.2137385,S6
103.5883834,S6
102.8832066,S6
103.2565901,S6
103.6698969,S6
103.4893448,S6
104.0733784,S6
104.2789614,S6
104.0751189,S6
104.601366,S6
103.426575,S6
103.8995367,S6
101.9492946,S6
101.8006145,S6
103.635802,S6
102.6158791,S6
103.2866074,S6
103.6520729,S6
103.7714065,S6
104.3255811,S6
104.0745555,S6
103.5397056,S6
103.8992878,S6
104.7681866,S6
103.3195535,S6
103.6869756,S6
103.9459269,S6
103.6917498,S6
103.4667002,S6
103.1913584,S6
103.9011134,S6
103.0977517,S6
102.5827634,S6
103.2659462,S6
102.717286,S6
103.0270275,S6
103.5911573,S6
104.7460464,S6
105.6085985,S6
105.5038092,S6
102.5999862,S6
104.5573395,S6
105.1581077,S6
103.0026799,S6
103.3011413,S6
103.5399006,S6
103.2333952,S6
104.0344703,S6
102.1287743,S6
101.2969485,S6
102.2847513,S6
104.9744678,S6
104.2459827,S6
103.70992,S6
104.7947746,S6
102.8702227,S6
103.0951919,S6
103.3433168,S6
103.4173455,S6
103.2555436,S6
103.1363305,S6
103.2884853,S6
102.4510683,S6
102.879082,S6
103.3239664,S6
86.50976682,S9
87.13713983,S9
89.53410728,S9
91.69851082,S9
92.00068538,S9
98.68799698,S9
96.80874527,S9
96.14065638,S9
96.97540692,S9
96.02382506,S9
96.51331451,S9
98.63487934,S9
97.49496166,S9
96.72714599,S9
96.39014869,S9
97.11250486,S9
97.6217098,S9
94.79249273,S9
96.56429734,S9
98.4916442,S9
99.13164482,S9
101.3393889,S9
98.97861101,S9
99.72062318,S9
98.79482639,S9
97.72196803,S9
99.60748691,S9
99.35507051,S9
99.65595924,S9
99.75216453,S9
98.82541168,S9
99.51525173,S9
98.95306851,S9
98.17567425,S9
98.60110245,S9
99.44331647,S9
99.10520637,S9
98.38168941,S9
98.48689085,S9
97.76367664,S9
100.3649113,S9
101.4176878,S9
100.1420734,S9
99.72971627,S9
98.57682761,S9
101.2824456,S9
98.89847125,S9
99.04635912,S9
98.56105914,S9
99.25848195,S9
98.67338338,S9
97.1266868,S9
98.84872441,S9
98.03871602,S9
97.70745129,S9
99.32658731,S9
98.71625793,S9
98.33360842,S9
98.66302256,S9
99.05404115,S9
98.23269832,S9
101.1190416,S9
98.54340005,S9
98.1912689,S9
98.93895803,S9
98.78976918,S9
99.81443617,S9
98.36502769,S9
99.80114043,S9
98.45010831,S9
98.67985597,S9
99.03699225,S9
98.51685427,S9
97.92808579,S9
98.81356712,S9
98.05027084,S9
98.78364143,S9
98.44046563,S9
98.0837073,S9
98.45978949,S9
99.46106445,S9
99.13461958,S9
99.80589876,S9
98.76978352,S9
97.6526702,S9
98.24656345,S9
99.26873915,S9
98.87413051,S9
98.56141887,S9
100.1531558,S9
99.31788971,S9
98.99022462,S9
97.49716598,S9
99.40490484,S9
100.2683195,S9
99.08659514,S9
98.03630786,S9
98.99682118,S9
98.29969976,S9
98.89375892,S9
99.02275894,S9
98.28793726,S9
98.85867528,S9
99.75434989,S9
97.29926602,S9
98.9783436,S9
97.93868709,S9
98.83930343,S9
98.2529144,S9
98.84320865,S9
99.27525675,S9
98.60432716,S9
99.17835276,S9
99.58924439,S9
99.41216935,S9
99.23734748,S9
99.03095735,S9
99.92233158,S9
96.8421888,S9
98.05680486,S9
96.61457587,S9
96.00524785,S9
96.95261714,S9
97.80370187,S9
98.99621342,S9
97.35366232,S9
99.00359544,S9
97.89114806,S9
98.36422072,S9
100.6252829,S9
97.99157947,S9
98.00645927,S9
98.44479786,S9
98.77735464,S9
100.3044127,S9
97.83928202,S9
87.46080692,M7
88.90953751,M7
87.53278677,M7
88.53568017,M7
91.42488444,M7
92.46136799,M7
94.27812477,M7
94.97689166,M7
94.87134619,M7
94.88942002,M7
94.14524572,M7
94.55465233,M7
94.48236542,M7
94.8247576,M7
94.8386817,M7
94.49807112,M7
94.59782943,M7
89.05752839,M7
93.18007489,M7
93.52252708,M7
92.95187095,M7
93.37681013,M7
94.64130666,M7
94.9464829,M7
95.74341497,M7
95.14532142,M7
96.44575411,M7
95.46269197,M7
95.6644161,M7
98.21599372,M7
96.03715372,M7
97.14283699,M7
95.38392879,M7
96.15490532,M7
94.35483856,M7
93.67442741,M7
93.93241383,M7
94.91053458,M7
94.94788027,M7
94.12278617,M7
95.18237429,M7
94.3867582,M7
95.56591047,M7
94.48402881,M7
95.07643526,M7
94.93877519,M7
95.90471419,M7
96.40856686,M7
96.15874878,M7
95.72758487,M7
95.3209636,M7
95.26175898,M7
91.88709262,M7
94.00449235,M7
93.0591505,M7
94.23899463,M7
95.9252423,M7
96.1256204,M7
95.45819828,M7
95.56672479,M7
95.29202153,M7
94.81509762,M7
96.3940664,M7
96.22113257,M7
95.86411539,M7
95.96872439,M7
95.86534071,M7
94.65868947,M7
90.60197384,M7
94.01682478,M7
94.39906029,M7
93.90385664,M7
94.81581479,M7
93.34432654,M7
94.18974973,M7
94.84839169,M7
94.19976686,M7
94.78155265,M7
94.9906763,M7
95.44371202,M7
95.26768377,M7
95.66707371,M7
95.16294492,M7
94.32078268,M7
93.63548406,M7
92.69540608,M7
96.72246203,M7
94.66402325,M7
92.89594629,M7
92.80466365,M7
93.97032951,M7
93.12335818,M7
94.08308579,M7
94.39228306,M7
94.74374329,M7
95.50178679,M7
94.79107031,M7
95.37171417,M7
96.13858673,M7
94.84780212,M7
95.35412824,M7
93.8192995,M7
91.33834874,M7
92.82246241,M7
93.83990415,M7
93.03242885,M7
92.42070358,M7
93.59691314,M7
95.58492837,M7
94.37998804,M7
95.01071365,M7
95.28891379,M7
95.30135243,M7
95.12698955,M7
96.28636412,M7
95.85462635,M7
96.01245875,M7
94.87999697,M7
94.80412859,M7
94.02084004,M7
94.77234582,M7
95.5343565,M7
94.46730001,M7
94.08063911,M7
94.28723985,M7
94.45567138,M7
94.72606421,M7
96.85335214,M7
96.02387653,M7
95.63750566,M7
95.75030269,M7
96.44544568,M7
95.6269152,M7
95.77645799,M7
94.92025405,M7
95.01004271,M7
111.8367131,C4
112.1479951,C4
111.9990055,C4
111.4347006,C4
110.4545369,C4
110.8438096,C4
111.0664845,C4
111.3550929,C4
110.7583748,C4
111.6168081,C4
110.7728712,C4
112.2414321,C4
111.3721525,C4
111.6272246,C4
110.8144318,C4
111.7562056,C4
112.6804133,C4
112.1991194,C4
111.457902,C4
112.0175438,C4
112.7715718,C4
111.80879,C4
111.4124672,C4
111.3192354,C4
111.6435497,C4
111.7692038,C4
111.666284,C4
111.0646555,C4
111.1149336,C4
112.679084,C4
111.7150621,C4
112.2463241,C4
111.6430899,C4
111.8212748,C4
111.5876052,C4
110.8220396,C4
110.9946694,C4
111.33388,C4
111.624127,C4
112.1388241,C4
110.5652642,C4
111.8874315,C4
111.64927,C4
111.9941115,C4
111.8148256,C4
111.1116837,C4
112.3567608,C4
112.0497481,C4
111.0984444,C4
111.1472471,C4
111.6340911,C4
112.2291725,C4
112.3653173,C4
111.6276101,C4
112.0916289,C4
111.3284872,C4
112.5566893,C4
111.4075864,C4
112.2907827,C4
111.3835415,C4
112.125458,C4
111.5284615,C4
112.2318791,C4
112.168173,C4
112.1164535,C4
111.7005538,C4
112.4368853,C4
112.02816,C4
110.9164369,C4
111.6971842,C4
110.9066806,C4
111.0572249,C4
112.4167988,C4
111.1979283,C4
111.246711,C4
111.710645,C4
111.2052636,C4
111.5525185,C4
112.2462497,C4
111.7666357,C4
111.6649085,C4
111.6478146,C4
112.2426197,C4
111.2111455,C4
111.5018487,C4
112.9543534,C5
113.4969041,C5
112.6881908,C5
111.3331898,C5
113.4866538,C5
113.8271552,C5
113.6211526,C5
112.2881118,C5
113.026221,C5
112.115776,C5
110.2992658,C5
111.7407252,C5
112.2928638,C5
112.7032811,C5
110.7689997,C5
111.8783067,C5
112.1924517,C5
114.1354842,C5
113.8825984,C5
112.770537,C5
113.0314436,C5
111.9978503,C5
113.3943357,C5
113.28347,C5
114.0939105,C5
111.793278,C5
112.423735,C5
111.7925027,C5
112.7239516,C5
113.0153782,C5
111.3498415,C5
112.6968365,C5
112.8569302,C5
113.139088,C5
112.7947518,C5
113.4384062,C5
112.3352176,C5
112.6754966,C5
111.5908623,C5
113.4695945,C5
113.5391123,C5
112.0166992,C5
112.7270138,C5
111.000996,C5
112.2647821,C5
112.904102,C5
112.7597954,C5
112.3204607,C5
111.6568472,C5
111.7789886,C5
112.3328491,C5
112.7913546,C5
111.1704729,C5
112.9799915,C5
113.1714105,C5
111.5850704,C5
112.4582591,C5
112.8400438,C5
113.3887796,C5
112.7702288,C5
112.9868673,C5
114.7381584,C5
112.1084802,C5
113.0676178,C5
111.5417076,C5
113.0936265,C5
114.0529628,C5
112.3800787,C5
112.491301,C5
113.5670612,C5
113.9661581,C5
112.8451009,C5
113.2956965,C5
112.3309769,C5
113.1423711,C5
112.6511884,C5
112.8858549,C5
112.5805306,C5
111.6976609,C5
112.5651202,C5
111.0579841,C5
112.5132101,C5
112.1603823,C5
113.8577576,C5
113.3358251,C5
106.3084039,S14
107.8067598,S14
105.9647313,S14
106.2987862,S14
105.9148832,S14
104.5618653,S14
105.9434523,S14
104.8556032,S14
104.7559412,S14
104.4631516,S14
104.1157507,S14
104.6786337,S14
105.2577039,S14
104.8386069,S14
104.2613265,S14
103.3335875,S14
104.7277174,S14
104.3423522,S14
104.2787767,S14
104.8202719,S14
104.2490213,S14
105.0966831,S14
103.2969018,S14
103.8267098,S14
104.2999466,S14
104.7783259,S14
103.584868,S14
103.0956432,S14
104.3453645,S14
104.6350856,S14
103.9089116,S14
104.6363768,S14
103.6107727,S14
104.396413,S14
103.5435271,S14
103.8642208,S14
103.4952847,S14
103.1760073,S14
103.376418,S14
103.571492,S14
103.3939645,S14
105.4480679,S14
105.3757281,S14
104.3271862,S14
104.0609318,S14
104.4484183,S14
103.0838366,S14
104.0034426,S14
105.4019493,S14
102.6609242,S14
105.0152659,S14
104.9773556,S14
106.0837563,S14
104.0785363,S14
102.8092464,S14
105.1135549,S14
104.9732845,S14
104.8236835,S14
105.8636153,S14
105.0526875,S14
104.2334015,S14
105.3141068,S14
105.5942276,S14
105.5987892,S14
104.0421208,S14
105.6307122,S14
103.1712855,S14
103.1112227,S14
103.6540079,S14
101.760614,S14
104.0054246,S14
103.5781993,S14
103.9092447,S14
104.035902,S14
104.8372566,S14
105.8560305,S14
104.664043,S14
104.4532637,S14
104.6508186,S14
104.4210889,S14
104.2191974,S14
103.4452651,S14
105.0460728,S14
103.4847632,S14
103.6428831,S14
103.3939947,S14
102.5191221,S14
102.5302573,S14
102.2786585,S14
102.661949,S14
103.3009808,S14
102.3809836,S14
105.3250608,S14
103.6574532,S14
103.2154488,S14
103.1762713,S14
104.4268574,S14
104.633531,S14
103.0447637,S14
103.7307236,S14
104.4005509,S14
105.238678,S14
102.0677739,S14
102.5963869,S14
103.3563291,S14
103.2803549,S14
102.1620658,S14
102.996223,S14
103.3684109,S14
103.7462141,S14
102.9518592,S14
103.6930143,S14
105.1500128,S14
105.2386841,S14
104.1774204,S14
105.5951387,S14
104.7765546,S14
104.2740639,S14
101.7616351,S14
101.4781022,S14
101.1204368,S14
102.0917519,S14
103.8880585,S14
102.6194618,S14
102.9051956,S14
102.6427896,S14
103.2350544,S14
102.7920607,S14
102.8085502,S14
104.8826885,S14
104.7203341,S14
99.94053742,S14
98.19245668,S14
95.70332379,S14
97.1400528,S14
97.04023117,S14
103.3217928,S14
102.3324479,S14
102.7391609,S14
102.0439613,S14
102.5034579,S14
103.0212307,S14
103.5296294,S14
103.5301327,S14
103.6582134,S14
100.3999638,S14
97.77898005,S14
96.59108673,S14
96.51501287,S14
96.42586992,S14
98.6686737,S14
97.09326304,S14
97.74732919,S14
107.3173836,S15
106.0630178,S15
106.5726672,S15
106.3466727,S15
106.018111,S15
106.593599,S15
106.316682,S15
106.5604819,S15
105.3437678,S15
105.8096712,S15
104.3856539,S15
105.5579329,S15
104.1587842,S15
104.7717355,S15
105.2891788,S15
106.0093786,S15
105.5935599,S15
106.0341702,S15
105.9838671,S15
105.2206542,S15
105.4505958,S15
105.8730321,S15
105.8843683,S15
106.368634,S15
105.5082733,S15
104.944558,S15
105.0443091,S15
105.5320927,S15
106.3374261,S15
105.2684752,S15
105.9349218,S15
106.7220977,S15
106.0947464,S15
108.0532607,S15
106.3970675,S15
106.2048027,S15
106.3487759,S15
105.6660383,S15
105.2726592,S15
105.4762822,S15
107.473616,S15
106.9959625,S15
104.9533499,S15
106.0839616,S15
106.5149203,S15
105.8172534,S15
105.7958876,S15
105.9218562,S15
105.8649134,S15
105.2251229,S15
106.0378493,S15
105.3064887,S15
107.3208018,S15
107.1870594,S15
105.1803356,S15
105.2320342,S15
105.1802242,S15
105.5191785,S15
105.2495787,S15
106.5968366,S15
105.1064689,S15
106.4141174,S15
106.1253538,S15
105.6809956,S15
106.216725,S15
105.2573958,S15
107.1968157,S15
106.6086373,S15
105.6867707,S15
105.8636069,S15
106.5172008,S15
105.9075399,S15
106.525885,S15
107.4172337,S15
106.542521,S15
106.668773,S15
105.831008,S15
106.8965704,S15
106.4731366,S15
108.0641339,S15
106.3328716,S15
106.6040525,S15
104.8140841,S15
107.0483469,S15
107.6619453,S15
104.9378705,S15
104.1897879,S15
105.055555,S15
104.4030245,S15
104.3001718,S15
104.5320679,S15
105.4886225,S15
105.7188672,S15
106.8698907,S15
106.0090715,S15
107.0098847,S15
104.7075825,S15
106.4868121,S15
105.3800462,S15
104.1034909,S15
104.5943103,S15
106.2194769,S15
104.5081538,S15
104.5439859,S15
104.7415033,S15
105.6036396,S15
104.8041279,S15
105.7614552,S15
106.4534658,S15
107.6913535,S15
104.8874853,S15
105.4053814,S15
106.442241,S15
107.595044,S15
107.338799,S15
107.0844681,S15
108.6895014,S15
106.4551364,S15
105.3475143,S15
105.5105876,S15
104.6778629,S15
105.5917658,S15
104.7708438,S15
104.5504449,S15
104.3486835,S15
105.7401134,S15
105.9206095,S15
105.6183732,S15
107.4950888,S15
106.754886,S15
107.2476014,S15
105.421629,S15
103.4461804,S15
101.5348414,S15
102.1750221,S15
100.2657191,S15
105.3916431,S15
105.9767887,S15
107.6324669,S15
104.5502702,S15
106.413118,S15
106.1621056,S15
106.6562448,S15
105.5782843,S15
102.9549855,S15
101.71185,S15
101.2216906,S15
100.5643075,S15
100.7037896,S15
98.99925323,S15
100.9981904,S15
97.56689783,S15
96.03326774,S15
100.2887224,C3
101.5548346,C3
102.0501597,C3
101.7965858,C3
104.6841123,C3
105.2458853,C3
105.9230187,C3
106.0906087,C3
105.2757345,C3
105.3684772,C3
106.3179746,C3
106.7076104,C3
106.7186517,C3
107.254964,C3
107.3873702,C3
107.6527174,C3
107.1305548,C3
105.8643887,C3
106.8338963,C3
107.2729434,C3
108.610238,C3
107.5579064,C3
107.1829514,C3
107.174027,C3
106.767763,C3
107.670056,C3
107.7573023,C3
108.843947,C3
108.0107791,C3
108.4129179,C3
108.6284127,C3
108.3849452,C3
107.734142,C3
108.3159541,C3
109.6048405,C3
108.9413977,C3
108.569405,C3
108.5056203,C3
108.2278832,C3
108.1531088,C3
107.5803641,C3
106.7602417,C3
107.2578568,C3
107.9825939,C3
107.9665101,C3
107.8489062,C3
107.5045916,C3
107.4927239,C3
108.1349368,C3
108.2354476,C3
108.2812533,C3
108.4813502,C3
108.7359912,C3
107.1750055,C3
108.3703666,C3
107.9938064,C3
107.7970996,C3
107.9645169,C3
108.6144724,C3
106.4486854,C3
108.3661007,C3
108.8351515,C3
107.8736104,C3
108.3908572,C3
107.5918973,C3
108.736981,C3
109.033186,C3
109.2571765,C3
103.7104356,C3
104.3390035,C3
103.717073,C3
104.922472,C3
105.4993482,C3
106.1281324,C3
105.7126508,C3
105.5320953,C3
106.3699009,C3
105.9590942,C3
106.9546349,C3
107.7982419,C3
107.5943,C3
108.1321521,C3
107.1248084,C3
107.1928883,C3
107.1055672,C3
91.50599394,C6
91.52720801,C6
90.89754858,C6
93.11022934,C6
93.10982151,C6
94.36292616,C6
93.05322952,C6
92.53224135,C6
94.93944839,C6
92.73139546,C6
93.60064438,C6
93.09480091,C6
93.22274969,C6
94.02430095,C6
94.3525758,C6
92.01098778,C6
92.22859881,C6
92.52545949,C6
94.56867611,C6
95.55796503,C6
97.00642147,C6
95.84149955,C6
94.20288322,C6
94.31081024,C6
96.32154672,C6
95.07901502,C6
96.71436112,C6
95.16833648,C6
95.66946541,C6
97.20235564,C6
97.26552734,C6
94.8148291,C6
97.31065931,C6
95.16954163,C6
98.16946249,C6
98.3091819,C6
96.6578461,C6
97.98599323,C6
97.25431662,C6
95.18778621,C6
96.49739743,C6
99.31863868,C6
96.64114758,C6
96.15111817,C6
96.71586453,C6
96.75991087,C6
96.65172565,C6
98.41279534,C6
97.32194371,C6
96.51340178,C6
97.49931616,C6
96.85580347,C6
96.91938246,C6
96.00764885,C6
97.43863873,C6
97.37113206,C6
95.53532461,C6
96.06245567,C6
95.41377478,C6
96.24747927,C6
96.5720801,C6
97.12938534,C6
96.65551992,C6
97.1326678,C6
96.75643573,C6
98.15981225,C6
96.35520735,C6
97.05436972,C6
93.06578972,C6
93.58846999,C6
93.39276921,C6
91.69890046,C6
92.99270481,C6
94.34362728,C6
91.57628842,C6
94.20948732,C6
93.9918424,C6
94.05693409,C6
95.90647997,C6
95.50684476,C6
96.62470478,C6
93.98003405,C6
95.42279313,C6
93.46389772,C6
94.87682673,C6
97.22012284,S1
97.73898328,S1
98.68239867,S1
100.1149707,S1
104.3299896,S1
107.3356007,S1
108.1112407,S1
107.3470924,S1
107.8649458,S1
107.0062332,S1
107.7730457,S1
107.2378408,S1
107.7114535,S1
105.7605454,S1
107.1747897,S1
105.7438982,S1
105.008647,S1
100.9569146,S1
105.473909,S1
109.2674804,S1
108.4741021,S1
108.0075269,S1
108.4114546,S1
108.5858128,S1
108.6439752,S1
108.1831229,S1
107.5519196,S1
107.98523,S1
107.3350809,S1
107.6289991,S1
106.5331507,S1
106.3200093,S1
107.4061516,S1
107.2734957,S1
110.2060674,S1
109.0835772,S1
109.0518883,S1
107.4203502,S1
107.6253243,S1
107.7198443,S1
107.1387039,S1
106.4046568,S1
107.1564644,S1
106.3396122,S1
107.1112753,S1
106.4587134,S1
107.7272456,S1
107.4977345,S1
106.6010514,S1
106.5159024,S1
106.6080979,S1
108.7430292,S1
108.8047591,S1
108.6472471,S1
108.5926285,S1
107.8194594,S1
107.5885165,S1
108.0489519,S1
108.0923277,S1
106.6558208,S1
107.8069662,S1
106.7125519,S1
106.6657796,S1
106.791077,S1
106.8836656,S1
106.9150453,S1
106.4103869,S1
106.8463232,S1
105.4672413,S1
106.4493384,S1
105.8257348,S1
107.097097,S1
105.5391532,S1
105.6565117,S1
105.8364947,S1
105.0557318,S1
105.651208,S1
105.8371985,S1
105.6111328,S1
105.9200512,S1
105.8480523,S1
105.9526616,S1
106.6250434,S1
105.3250901,S1
104.9978656,S1
94.27757968,S17
95.413745,S17
94.73854249,S17
95.90507151,S17
100.9955971,S17
103.0783833,S17
105.1427319,S17
105.2488993,S17
104.867461,S17
104.4390091,S17
103.7079774,S17
104.2569478,S17
103.1635057,S17
104.2647901,S17
104.1199979,S17
104.9678353,S17
103.5761714,S17
99.58718672,S17
105.2898691,S17
105.2440671,S17
105.5302109,S17
106.4567324,S17
106.4429559,S17
104.7851452,S17
105.6213682,S17
104.5036504,S17
104.5064928,S17
105.4552965,S17
106.4290138,S17
103.9738371,S17
104.8356771,S17
104.3062569,S17
103.5611081,S17
104.993051,S17
106.402232,S17
106.5416056,S17
106.8439127,S17
106.0723192,S17
105.5586933,S17
106.6232842,S17
104.7293981,S17
104.8346993,S17
103.9926363,S17
104.2370955,S17
103.7288646,S17
103.3856115,S17
104.7861977,S17
103.7258115,S17
104.4506803,S17
104.677986,S17
105.011891,S17
106.1365367,S17
105.4688203,S17
105.2890489,S17
104.6238355,S17
105.6880119,S17
104.4838062,S17
104.3194555,S17
105.5443791,S17
104.240449,S17
104.8008519,S17
103.9175356,S17
103.6906342,S17
102.7395288,S17
103.9449255,S17
104.5062614,S17
102.9434418,S17
103.716743,S17
105.9053166,S17
104.4926869,S17
103.6316112,S17
103.7745379,S17
104.5604512,S17
104.3146956,S17
103.2185664,S17
103.8926466,S17
103.4845522,S17
103.0605163,S17
103.8351962,S17
103.5927247,S17
103.9023786,S17
104.2038675,S17
103.8221709,S17
104.2242904,S17
104.8502172,S17
